,TotalSleepBlock,~F1,Accuracy,AccuracyBlock,Precision,TotalSleep,Recall,SEGTBlock,SESelfBlock,SEInterval,F1,SEMarkers,SEOnlyREST,F1Block,PercentSleep,RecallBlock,SEWholeDF,Specificity,~F1Block,PrecisionBlock,SESelfBlock5Min,PercentSleepBlock,SpecificityBlock,DeltaEndBlock,DeltaStartBlock
sazonov,85433.9  +- 23098.9 ,69.5  +- 14.2 ,75.2  +- 9.4 ,85.6  +- 15.4 ,79.9  +- 12.6 ,67464.2  +- 15723.8 ,75.5  +- 13.7 ,68.0  +- 14.3 ,70.6  +- 13.4 ,68.8  +- 12.1 ,76.7  +- 11.5 ,64.2  +- 14.9 ,71.3  +- 10.9 ,88.0  +- 18.1 ,54.9  +- 12.5 ,86.9  +- 20.0 ,55.0  +- 12.6 ,73.3  +- 15.6 ,72.3  +- 24.2 ,92.0  +- 16.4 ,96.8  +- 7.9 ,69.4  +- 17.6 ,85.8  +- 20.2 ,2915 +- 4593,2486 +- 3664
tl_sazonov,68478.8  +- 40592.1 ,66.0  +- 18.7 ,78.0  +- 10.2 ,71.6  +- 29.2 ,75.5  +- 12.4 ,86284.3  +- 18335.9 ,90.9  +- 12.9 ,85.9  +- 15.3 ,95.2  +- 9.0 ,87.3  +- 12.6 ,81.6  +- 11.4 ,82.0  +- 16.4 ,89.4  +- 10.9 ,68.5  +- 38.6 ,70.3  +- 14.7 ,68.0  +- 40.5 ,70.4  +- 14.7 ,57.4  +- 20.0 ,62.9  +- 28.0 ,77.8  +- 35.5 ,91.0  +- 18.7 ,55.9  +- 32.8 ,81.9  +- 22.7 ,9566 +- 12007,2480 +- 3028
resc_sazonov,42724.0  +- 32767.3 ,69.1  +- 13.8 ,68.1  +- 12.6 ,58.6  +- 27.3 ,87.8  +- 15.8 ,41721.2  +- 18777.9 ,51.2  +- 20.4 ,44.2  +- 19.6 ,71.3  +- 20.6 ,43.9  +- 17.8 ,62.3  +- 19.1 ,41.2  +- 18.9 ,45.6  +- 17.4 ,54.6  +- 34.3 ,34.0  +- 15.1 ,46.2  +- 34.9 ,34.0  +- 15.1 ,90.1  +- 12.4 ,55.5  +- 26.1 ,94.4  +- 20.6 ,98.0  +- 11.8 ,34.8  +- 26.5 ,97.9  +- 7.4 ,10855 +- 9664,4424 +- 4785
resc_tl_sazonov,62114.0  +- 35293.8 ,71.2  +- 17.0 ,78.8  +- 10.8 ,70.7  +- 27.1 ,79.9  +- 12.5 ,75380.7  +- 20913.7 ,83.7  +- 17.2 ,77.5  +- 19.3 ,94.2  +- 9.6 ,78.2  +- 17.1 ,80.4  +- 13.8 ,73.3  +- 20.0 ,80.7  +- 15.6 ,69.5  +- 33.8 ,61.5  +- 16.9 ,65.0  +- 36.1 ,61.5  +- 16.9 ,69.0  +- 19.5 ,62.9  +- 27.3 ,89.6  +- 24.7 ,98.5  +- 4.4 ,50.9  +- 28.8 ,90.7  +- 17.6 ,8664 +- 10824,2806 +- 3104
tl_resc_sazonov,69075.8  +- 40489.1 ,60.9  +- 19.1 ,75.7  +- 10.2 ,70.9  +- 29.1 ,73.0  +- 12.4 ,89338.0  +- 17946.6 ,90.9  +- 12.2 ,87.2  +- 14.3 ,96.2  +- 7.7 ,88.4  +- 11.8 ,80.2  +- 11.2 ,83.7  +- 15.3 ,89.9  +- 10.5 ,68.0  +- 38.7 ,72.8  +- 14.2 ,67.7  +- 40.6 ,72.8  +- 14.2 ,51.4  +- 20.0 ,61.6  +- 27.1 ,75.8  +- 36.4 ,87.7  +- 21.5 ,56.4  +- 32.8 ,80.2  +- 22.2 ,9813 +- 12032,2659 +- 3018
sazonov_max,151.8  +- 2892.0 ,57.6  +- 13.4 ,41.7  +- 13.2 ,25.3  +- 14.0 ,0.3  +- 4.9 ,151.8  +- 2892.0 ,0.2  +- 3.1 ,0.1  +- 2.8 ,0.3  +- 5.3 ,0.1  +- 2.8 ,0.2  +- 3.8 ,0.1  +- 2.6 ,0.1  +- 2.8 ,0.2  +- 3.7 ,0.1  +- 2.4 ,0.1  +- 2.8 ,0.1  +- 2.4 ,99.4  +- 7.4 ,38.4  +- 17.6 ,0.3  +- 5.2 ,0.3  +- 5.2 ,0.1  +- 2.4 ,100.0  +- 0.0 ,5682 +- 5019,4044 +- 3346
tl_sazonov_max,543.3  +- 7235.0 ,57.4  +- 13.9 ,42.0  +- 13.3 ,25.7  +- 14.6 ,0.5  +- 6.1 ,597.2  +- 7961.3 ,0.5  +- 7.4 ,0.5  +- 7.4 ,0.8  +- 9.2 ,0.6  +- 7.4 ,0.5  +- 6.7 ,0.5  +- 7.4 ,0.6  +- 7.4 ,0.5  +- 7.0 ,0.6  +- 7.4 ,0.5  +- 6.8 ,0.6  +- 7.4 ,98.9  +- 10.4 ,38.4  +- 17.5 ,0.5  +- 7.3 ,0.6  +- 7.4 ,0.5  +- 6.7 ,99.7  +- 5.1 ,5750 +- 5231,4053 +- 3339
resc_tl_sazonov_max,531.1  +- 7146.7 ,57.4  +- 13.9 ,42.0  +- 13.3 ,25.7  +- 14.6 ,0.5  +- 6.1 ,586.2  +- 7873.0 ,0.5  +- 7.3 ,0.5  +- 7.3 ,0.6  +- 7.4 ,0.5  +- 7.3 ,0.5  +- 6.7 ,0.5  +- 7.3 ,0.5  +- 7.3 ,0.5  +- 7.0 ,0.5  +- 7.3 ,0.5  +- 6.7 ,0.5  +- 7.3 ,98.9  +- 10.4 ,38.4  +- 17.5 ,0.5  +- 7.3 ,0.6  +- 7.4 ,0.5  +- 6.6 ,99.7  +- 5.1 ,5662 +- 4993,4055 +- 3337
sazonov2,78469.4  +- 28282.2 ,69.4  +- 13.9 ,72.8  +- 9.9 ,82.3  +- 20.0 ,82.3  +- 12.9 ,58011.0  +- 15841.2 ,66.9  +- 15.2 ,59.3  +- 15.3 ,65.1  +- 14.7 ,60.0  +- 13.0 ,72.7  +- 12.8 ,55.8  +- 15.4 ,62.4  +- 12.2 ,83.5  +- 24.8 ,47.3  +- 12.7 ,80.9  +- 26.8 ,47.3  +- 12.7 ,79.7  +- 14.7 ,70.8  +- 25.4 ,92.6  +- 17.4 ,97.7  +- 5.9 ,63.9  +- 22.4 ,89.1  +- 18.5 ,4130 +- 7046,2635 +- 3732
tl_sazonov2,62184.0  +- 40094.0 ,68.6  +- 16.2 ,77.0  +- 10.4 ,68.5  +- 29.9 ,77.6  +- 12.7 ,76551.8  +- 19572.3 ,83.0  +- 16.5 ,77.3  +- 17.9 ,90.9  +- 12.4 ,78.6  +- 15.2 ,79.1  +- 13.3 ,73.3  +- 18.7 ,80.9  +- 13.9 ,65.3  +- 38.6 ,62.4  +- 15.9 ,63.0  +- 40.5 ,62.4  +- 15.9 ,65.7  +- 18.3 ,61.4  +- 28.0 ,80.4  +- 34.4 ,92.8  +- 17.1 ,50.7  +- 32.5 ,86.1  +- 20.5 ,10471 +- 12004,2480 +- 2938
resc_sazonov2,23169.4  +- 24630.7 ,64.3  +- 13.7 ,58.1  +- 13.3 ,43.3  +- 23.3 ,89.5  +- 18.4 ,24555.6  +- 15209.2 ,30.9  +- 18.1 ,26.2  +- 16.3 ,70.8  +- 28.5 ,25.9  +- 15.0 ,43.4  +- 20.1 ,24.3  +- 15.3 ,27.0  +- 15.1 ,34.0  +- 29.5 ,20.0  +- 12.1 ,25.6  +- 27.7 ,20.0  +- 12.1 ,95.1  +- 10.1 ,46.2  +- 23.0 ,93.0  +- 24.3 ,95.8  +- 19.3 ,18.8  +- 19.9 ,99.1  +- 4.1 ,14293 +- 8502,6158 +- 6350
resc_tl_sazonov2,50397.5  +- 34207.7 ,71.5  +- 14.9 ,74.9  +- 12.4 ,63.3  +- 27.4 ,82.7  +- 14.8 ,60278.8  +- 22205.7 ,69.7  +- 21.7 ,62.8  +- 22.0 ,87.2  +- 16.5 ,63.2  +- 20.0 ,73.7  +- 17.8 ,59.1  +- 22.1 ,65.6  +- 19.1 ,60.9  +- 34.3 ,49.1  +- 18.1 ,53.7  +- 35.8 ,49.2  +- 18.1 ,79.5  +- 16.5 ,58.2  +- 26.6 ,93.3  +- 20.7 ,98.7  +- 7.6 ,41.1  +- 27.7 ,95.2  +- 11.9 ,10250 +- 10089,3505 +- 3589
tl_resc_sazonov2,63012.4  +- 40793.6 ,64.1  +- 16.9 ,75.1  +- 10.2 ,67.8  +- 29.8 ,74.5  +- 12.7 ,81327.5  +- 19274.1 ,84.6  +- 15.6 ,80.4  +- 16.9 ,94.0  +- 9.8 ,81.7  +- 14.1 ,78.3  +- 12.8 ,76.8  +- 17.7 ,83.3  +- 13.1 ,64.4  +- 39.1 ,66.3  +- 15.5 ,62.6  +- 40.9 ,66.3  +- 15.5 ,58.6  +- 18.8 ,60.0  +- 27.3 ,77.6  +- 36.0 ,89.0  +- 21.2 ,51.4  +- 33.0 ,83.6  +- 21.3 ,10767 +- 12156,2717 +- 2995
sazonov2_max,150.7  +- 2871.0 ,57.6  +- 13.4 ,41.7  +- 13.2 ,25.3  +- 14.0 ,0.3  +- 4.9 ,150.7  +- 2871.0 ,0.2  +- 3.1 ,0.1  +- 2.8 ,0.3  +- 5.3 ,0.1  +- 2.8 ,0.2  +- 3.8 ,0.1  +- 2.6 ,0.1  +- 2.8 ,0.2  +- 3.7 ,0.1  +- 2.4 ,0.1  +- 2.8 ,0.1  +- 2.4 ,99.4  +- 7.4 ,38.4  +- 17.6 ,0.3  +- 5.2 ,0.3  +- 5.2 ,0.1  +- 2.4 ,100.0  +- 0.0 ,5682 +- 5019,4045 +- 3346
tl_sazonov2_max,331.7  +- 5708.6 ,57.6  +- 13.3 ,41.9  +- 13.2 ,25.5  +- 14.3 ,0.4  +- 5.9 ,358.7  +- 5788.0 ,0.3  +- 4.9 ,0.3  +- 5.0 ,0.6  +- 7.4 ,0.3  +- 5.0 ,0.3  +- 5.2 ,0.3  +- 4.9 ,0.3  +- 5.0 ,0.3  +- 5.2 ,0.3  +- 4.8 ,0.3  +- 4.9 ,0.3  +- 4.9 ,99.2  +- 8.3 ,38.4  +- 17.5 ,0.6  +- 7.4 ,0.6  +- 7.4 ,0.3  +- 4.8 ,100.0  +- 0.0 ,5665 +- 4991,4087 +- 3432
resc_tl_sazonov2_max,320.7  +- 5612.5 ,57.6  +- 13.3 ,41.9  +- 13.2 ,25.5  +- 14.3 ,0.4  +- 6.1 ,347.7  +- 5681.8 ,0.3  +- 4.9 ,0.3  +- 4.9 ,0.6  +- 7.5 ,0.3  +- 4.9 ,0.3  +- 5.2 ,0.3  +- 4.8 ,0.3  +- 4.9 ,0.3  +- 5.1 ,0.3  +- 4.8 ,0.3  +- 4.8 ,0.3  +- 4.8 ,99.2  +- 8.2 ,38.4  +- 17.5 ,0.6  +- 7.4 ,0.6  +- 7.4 ,0.3  +- 4.7 ,100.0  +- 0.0 ,5666 +- 4990,4089 +- 3441
cole,103367.2  +- 17707.7 ,58.2  +- 17.6 ,75.4  +- 10.5 ,84.2  +- 12.5 ,71.1  +- 13.2 ,97431.1  +- 13426.1 ,96.7  +- 4.2 ,91.7  +- 6.5 ,88.6  +- 7.0 ,91.8  +- 5.3 ,81.2  +- 9.9 ,88.1  +- 8.9 ,93.5  +- 3.9 ,89.2  +- 11.7 ,79.2  +- 9.2 ,95.7  +- 10.5 ,79.2  +- 9.2 ,45.0  +- 17.6 ,57.9  +- 28.1 ,84.8  +- 15.1 ,93.5  +- 7.1 ,83.7  +- 11.1 ,55.6  +- 29.9 ,3066 +- 3642,2897 +- 3060
tl_cole,99894.5  +- 26426.1 ,43.7  +- 22.2 ,71.1  +- 12.0 ,80.9  +- 17.1 ,67.1  +- 13.4 ,106329.5  +- 14712.8 ,99.2  +- 2.4 ,97.6  +- 5.0 ,96.8  +- 4.2 ,97.6  +- 4.1 ,79.2  +- 10.4 ,94.8  +- 8.1 ,98.5  +- 2.0 ,84.8  +- 21.3 ,86.3  +- 9.6 ,91.5  +- 22.3 ,86.4  +- 9.6 ,31.0  +- 19.5 ,53.9  +- 28.0 ,80.7  +- 21.5 ,90.4  +- 14.4 ,81.1  +- 19.9 ,52.3  +- 30.0 ,4244 +- 7083,3438 +- 3214
resc_cole,81475.8  +- 32276.3 ,71.4  +- 15.9 ,80.2  +- 9.6 ,80.4  +- 23.1 ,78.9  +- 13.0 ,81820.4  +- 15309.2 ,89.9  +- 8.2 ,82.4  +- 11.5 ,86.2  +- 10.4 ,81.7  +- 9.9 ,83.3  +- 9.6 ,77.4  +- 13.0 ,83.9  +- 8.5 ,81.1  +- 29.2 ,66.6  +- 12.0 ,81.3  +- 31.1 ,66.6  +- 12.0 ,65.7  +- 19.0 ,67.1  +- 27.6 ,86.7  +- 24.5 ,96.8  +- 6.0 ,66.4  +- 25.7 ,79.9  +- 25.3 ,5434 +- 9061,2360 +- 2672
resc_tl_cole,90857.9  +- 30320.1 ,56.4  +- 21.4 ,75.5  +- 11.2 ,81.0  +- 20.6 ,71.2  +- 13.5 ,98495.9  +- 15660.3 ,97.4  +- 4.3 ,94.6  +- 7.8 ,96.0  +- 6.5 ,94.3  +- 7.1 ,81.5  +- 10.1 ,90.8  +- 10.9 ,95.7  +- 5.0 ,83.0  +- 26.3 ,80.0  +- 11.2 ,86.6  +- 27.7 ,80.1  +- 11.2 ,43.8  +- 21.3 ,62.1  +- 27.9 ,82.0  +- 25.8 ,93.7  +- 10.9 ,73.9  +- 23.5 ,67.1  +- 29.8 ,4838 +- 8500,2910 +- 2912
tl_resc_cole,100911.8  +- 25927.4 ,38.2  +- 22.3 ,69.2  +- 12.0 ,80.3  +- 17.1 ,65.7  +- 13.3 ,108545.7  +- 14577.3 ,99.1  +- 2.5 ,98.0  +- 4.5 ,97.7  +- 3.5 ,98.0  +- 3.6 ,78.2  +- 10.5 ,95.6  +- 7.3 ,98.5  +- 2.0 ,84.7  +- 20.8 ,88.1  +- 9.2 ,91.7  +- 21.7 ,88.2  +- 9.2 ,26.5  +- 18.8 ,52.4  +- 26.8 ,80.1  +- 21.4 ,89.1  +- 16.1 ,81.9  +- 19.2 ,50.1  +- 28.9 ,4490 +- 7003,3414 +- 3152
cole_max,231.4  +- 4408.9 ,57.6  +- 13.4 ,41.7  +- 13.2 ,25.2  +- 14.0 ,0.2  +- 3.1 ,231.4  +- 4408.9 ,0.3  +- 5.2 ,0.3  +- 5.3 ,0.3  +- 5.3 ,0.2  +- 4.0 ,0.2  +- 3.9 ,0.2  +- 4.4 ,0.2  +- 4.3 ,0.2  +- 4.0 ,0.1  +- 2.8 ,0.3  +- 5.2 ,0.1  +- 2.8 ,99.4  +- 7.6 ,38.3  +- 17.6 ,0.2  +- 3.2 ,0.3  +- 5.2 ,0.1  +- 2.8 ,99.9  +- 1.7 ,5606 +- 4897,4037 +- 3343
tl_cole_max,665.8  +- 7920.0 ,57.2  +- 14.1 ,41.8  +- 13.2 ,25.6  +- 14.6 ,0.4  +- 5.1 ,720.1  +- 8628.7 ,0.6  +- 7.4 ,0.6  +- 7.4 ,0.8  +- 9.1 ,0.6  +- 7.5 ,0.5  +- 6.0 ,0.6  +- 7.5 ,0.6  +- 7.5 ,0.5  +- 7.0 ,0.6  +- 7.5 ,0.5  +- 7.0 ,0.6  +- 7.5 ,98.8  +- 10.7 ,38.4  +- 17.7 ,0.6  +- 7.1 ,0.8  +- 8.7 ,0.6  +- 6.9 ,99.5  +- 5.9 ,5680 +- 5061,4052 +- 3340
resc_tl_cole_max,655.1  +- 7814.5 ,57.3  +- 13.9 ,41.8  +- 13.3 ,25.6  +- 14.7 ,0.4  +- 5.2 ,709.1  +- 8524.8 ,0.6  +- 7.4 ,0.6  +- 7.4 ,0.8  +- 9.1 ,0.6  +- 7.4 ,0.5  +- 6.1 ,0.6  +- 7.4 ,0.6  +- 7.4 ,0.5  +- 7.1 ,0.6  +- 7.4 ,0.5  +- 7.0 ,0.6  +- 7.4 ,98.8  +- 10.5 ,38.4  +- 17.8 ,0.6  +- 7.1 ,0.8  +- 8.9 ,0.6  +- 6.8 ,99.6  +- 5.7 ,5681 +- 5065,4050 +- 3342
aarti,87872.7  +- 21909.4 ,58.5  +- 21.5 ,75.0  +- 12.6 ,84.8  +- 14.8 ,71.2  +- 15.9 ,93697.0  +- 18921.0 ,93.8  +- 13.3 ,91.5  +- 14.7 ,98.5  +- 10.6 ,92.4  +- 12.4 ,80.1  +- 14.0 ,87.9  +- 15.5 ,93.3  +- 11.6 ,87.8  +- 17.0 ,76.2  +- 14.5 ,87.9  +- 18.9 ,76.3  +- 14.6 ,48.0  +- 22.3 ,69.9  +- 23.3 ,90.3  +- 16.0 ,93.7  +- 11.9 ,71.3  +- 16.5 ,81.2  +- 20.8 ,3111 +- 4105,2362 +- 2950
tl_aarti,70016.8  +- 42002.2 ,54.9  +- 21.4 ,73.2  +- 12.3 ,70.7  +- 28.7 ,69.9  +- 15.3 ,94872.7  +- 18854.8 ,93.0  +- 13.3 ,91.0  +- 14.6 ,100.0  +- 8.2 ,91.9  +- 12.4 ,78.9  +- 13.9 ,87.8  +- 15.1 ,92.5  +- 11.7 ,67.4  +- 39.7 ,77.2  +- 14.4 ,68.1  +- 40.8 ,77.2  +- 14.4 ,44.5  +- 21.8 ,60.3  +- 26.0 ,70.2  +- 39.2 ,85.0  +- 25.9 ,57.0  +- 33.8 ,79.5  +- 23.5 ,9854 +- 12595,3007 +- 3214
resc_aarti,83674.7  +- 22303.5 ,62.0  +- 19.4 ,75.6  +- 12.1 ,83.5  +- 15.5 ,72.6  +- 16.2 ,89057.3  +- 18700.6 ,90.9  +- 13.6 ,88.7  +- 15.1 ,98.6  +- 10.7 ,89.2  +- 13.0 ,79.9  +- 14.1 ,85.0  +- 16.0 ,90.1  +- 12.2 ,86.5  +- 17.9 ,72.4  +- 14.4 ,84.8  +- 19.8 ,72.5  +- 14.4 ,53.4  +- 21.5 ,69.3  +- 22.9 ,91.3  +- 16.1 ,94.8  +- 11.6 ,67.9  +- 17.0 ,84.9  +- 18.9 ,3124 +- 4568,2834 +- 2898
resc_tl_aarti,84013.2  +- 22208.8 ,58.8  +- 20.1 ,74.0  +- 12.0 ,82.7  +- 15.1 ,71.5  +- 15.6 ,90333.6  +- 18749.2 ,90.4  +- 13.7 ,88.4  +- 15.0 ,98.6  +- 10.7 ,89.0  +- 12.9 ,78.8  +- 14.0 ,85.1  +- 15.7 ,89.7  +- 12.2 ,85.9  +- 17.9 ,73.5  +- 14.4 ,84.4  +- 19.6 ,73.5  +- 14.4 ,50.0  +- 21.5 ,67.9  +- 22.2 ,90.6  +- 16.2 ,93.0  +- 13.8 ,68.2  +- 16.8 ,83.1  +- 19.4 ,3268 +- 4426,2981 +- 2907
tl_resc_aarti,69196.4  +- 42315.0 ,51.4  +- 21.3 ,71.6  +- 12.1 ,68.8  +- 29.2 ,68.6  +- 15.1 ,96024.2  +- 18790.4 ,92.3  +- 13.3 ,90.5  +- 14.5 ,99.8  +- 5.8 ,91.4  +- 12.4 ,77.7  +- 13.7 ,87.7  +- 14.8 ,91.8  +- 11.9 ,65.6  +- 40.1 ,78.1  +- 14.2 ,66.4  +- 41.3 ,78.1  +- 14.2 ,41.3  +- 21.3 ,58.1  +- 25.7 ,68.8  +- 39.5 ,84.5  +- 23.5 ,56.2  +- 33.9 ,76.9  +- 23.9 ,10405 +- 12666,3145 +- 3131
aarti_max,365.3  +- 6959.7 ,57.5  +- 13.6 ,41.8  +- 13.2 ,25.5  +- 14.4 ,0.2  +- 3.8 ,384.0  +- 7316.6 ,0.3  +- 5.2 ,0.3  +- 5.2 ,0.3  +- 5.3 ,0.3  +- 5.3 ,0.2  +- 4.4 ,0.3  +- 5.2 ,0.3  +- 5.3 ,0.3  +- 5.2 ,0.3  +- 5.1 ,0.3  +- 5.1 ,0.3  +- 5.1 ,99.2  +- 8.8 ,38.5  +- 17.7 ,0.3  +- 5.2 ,0.3  +- 4.9 ,0.3  +- 4.8 ,100.0  +- 0.0 ,5646 +- 5006,4054 +- 3339
tl_aarti_max,541.9  +- 7349.7 ,57.3  +- 13.9 ,41.7  +- 13.2 ,25.7  +- 14.5 ,0.3  +- 3.9 ,595.9  +- 8064.1 ,0.5  +- 6.7 ,0.5  +- 6.8 ,0.8  +- 9.2 ,0.5  +- 6.8 ,0.4  +- 4.9 ,0.5  +- 6.8 ,0.5  +- 6.8 ,0.5  +- 6.7 ,0.5  +- 6.8 ,0.5  +- 6.2 ,0.5  +- 6.8 ,98.9  +- 10.1 ,38.3  +- 17.6 ,0.5  +- 7.4 ,0.8  +- 8.7 ,0.5  +- 6.2 ,99.7  +- 4.8 ,5756 +- 5201,4068 +- 3335
resc_tl_aarti_max,529.8  +- 7279.7 ,57.3  +- 13.9 ,41.7  +- 13.2 ,25.7  +- 14.4 ,0.3  +- 3.9 ,584.8  +- 7992.2 ,0.5  +- 6.6 ,0.5  +- 6.7 ,0.6  +- 7.4 ,0.5  +- 6.7 ,0.4  +- 4.9 ,0.5  +- 6.7 ,0.5  +- 6.8 ,0.5  +- 6.6 ,0.5  +- 6.7 ,0.4  +- 6.1 ,0.5  +- 6.7 ,98.9  +- 10.0 ,38.3  +- 17.6 ,0.5  +- 7.4 ,0.5  +- 7.0 ,0.4  +- 6.1 ,99.7  +- 4.8 ,5666 +- 4989,4070 +- 3336
sadeh,105595.6  +- 16846.2 ,52.2  +- 18.8 ,73.4  +- 11.2 ,83.3  +- 11.9 ,69.1  +- 13.3 ,102174.4  +- 13580.7 ,98.3  +- 3.1 ,94.7  +- 5.4 ,91.5  +- 5.9 ,94.7  +- 4.4 ,80.3  +- 10.2 ,91.4  +- 8.0 ,96.1  +- 3.0 ,88.8  +- 10.7 ,83.0  +- 8.7 ,96.2  +- 9.0 ,83.0  +- 8.7 ,38.3  +- 17.6 ,53.8  +- 28.1 ,83.7  +- 14.4 ,92.9  +- 7.1 ,85.5  +- 9.8 ,49.8  +- 29.6 ,3071 +- 3420,3272 +- 3134
tl_sadeh,104331.1  +- 21700.2 ,38.7  +- 21.5 ,69.3  +- 12.2 ,81.6  +- 14.1 ,65.7  +- 13.4 ,108918.2  +- 14168.3 ,99.4  +- 1.8 ,98.3  +- 3.8 ,96.9  +- 3.9 ,98.2  +- 3.0 ,78.3  +- 10.5 ,95.8  +- 6.8 ,98.8  +- 1.6 ,86.6  +- 16.6 ,88.4  +- 8.5 ,94.3  +- 16.6 ,88.5  +- 8.5 ,26.6  +- 17.9 ,51.1  +- 27.3 ,81.2  +- 18.4 ,90.4  +- 13.3 ,84.6  +- 15.3 ,47.2  +- 28.6 ,3523 +- 5334,3660 +- 3249
resc_sadeh,86514.9  +- 30492.3 ,68.1  +- 17.2 ,79.1  +- 10.1 ,82.1  +- 20.7 ,76.5  +- 13.4 ,87196.4  +- 15283.2 ,92.8  +- 7.0 ,86.6  +- 10.4 ,89.0  +- 9.6 ,85.7  +- 9.1 ,83.1  +- 9.7 ,81.7  +- 12.3 ,87.7  +- 7.6 ,83.3  +- 26.8 ,70.9  +- 11.6 ,84.9  +- 28.4 ,71.0  +- 11.6 ,59.4  +- 19.8 ,66.7  +- 27.1 ,85.5  +- 24.8 ,96.0  +- 7.5 ,70.4  +- 24.0 ,75.6  +- 26.8 ,4684 +- 8247,2494 +- 2687
resc_tl_sadeh,95793.1  +- 26290.4 ,52.7  +- 21.8 ,74.0  +- 11.7 ,82.3  +- 17.4 ,69.9  +- 13.7 ,101026.4  +- 15257.1 ,98.0  +- 3.5 ,95.7  +- 6.5 ,96.1  +- 5.6 ,95.3  +- 6.0 ,80.7  +- 10.3 ,92.3  +- 9.7 ,96.4  +- 4.4 ,85.4  +- 22.0 ,82.1  +- 10.4 ,90.1  +- 23.0 ,82.1  +- 10.5 ,40.0  +- 21.0 ,60.4  +- 27.5 ,82.7  +- 22.7 ,93.8  +- 9.6 ,77.8  +- 19.8 ,62.2  +- 29.7 ,3972 +- 6859,3075 +- 2893
tl_resc_sadeh,105438.0  +- 21021.2 ,32.8  +- 21.3 ,67.4  +- 12.2 ,81.0  +- 14.1 ,64.3  +- 13.3 ,111225.3  +- 14011.9 ,99.4  +- 1.7 ,98.7  +- 3.3 ,97.6  +- 4.4 ,98.6  +- 2.6 ,77.2  +- 10.6 ,96.7  +- 6.1 ,99.0  +- 1.6 ,86.5  +- 15.8 ,90.3  +- 8.0 ,94.6  +- 15.6 ,90.3  +- 8.0 ,22.0  +- 17.0 ,49.4  +- 26.0 ,80.9  +- 17.5 ,89.9  +- 12.7 ,85.4  +- 14.3 ,44.9  +- 27.8 ,3793 +- 5272,3624 +- 3207
sadeh_max,295.3  +- 5626.5 ,57.6  +- 13.4 ,41.7  +- 13.2 ,25.4  +- 14.2 ,0.2  +- 3.6 ,319.3  +- 6083.2 ,0.2  +- 4.4 ,0.2  +- 4.3 ,0.3  +- 5.3 ,0.2  +- 4.6 ,0.2  +- 4.0 ,0.3  +- 5.2 ,0.3  +- 5.1 ,0.2  +- 4.6 ,0.2  +- 3.6 ,0.2  +- 4.0 ,0.2  +- 3.6 ,99.3  +- 7.9 ,38.4  +- 17.6 ,0.3  +- 5.2 ,0.3  +- 5.2 ,0.2  +- 3.4 ,100.0  +- 0.0 ,5655 +- 4998,4051 +- 3339
tl_sadeh_max,665.8  +- 7920.0 ,57.2  +- 14.1 ,41.8  +- 13.2 ,25.6  +- 14.6 ,0.4  +- 5.1 ,722.9  +- 8628.6 ,0.6  +- 7.4 ,0.6  +- 7.4 ,0.8  +- 9.1 ,0.6  +- 7.5 ,0.5  +- 6.0 ,0.6  +- 7.5 ,0.6  +- 7.5 ,0.5  +- 7.0 ,0.6  +- 7.5 ,0.5  +- 7.0 ,0.6  +- 7.5 ,98.8  +- 10.7 ,38.4  +- 17.7 ,0.6  +- 7.1 ,0.8  +- 8.7 ,0.6  +- 6.9 ,99.5  +- 5.9 ,5680 +- 5061,4052 +- 3340
resc_tl_sadeh_max,657.9  +- 7852.5 ,57.3  +- 14.0 ,41.8  +- 13.2 ,25.6  +- 14.7 ,0.4  +- 5.1 ,711.8  +- 8562.7 ,0.6  +- 7.4 ,0.6  +- 7.4 ,0.8  +- 9.1 ,0.6  +- 7.5 ,0.5  +- 6.1 ,0.6  +- 7.5 ,0.6  +- 7.5 ,0.5  +- 7.0 ,0.6  +- 7.5 ,0.5  +- 7.0 ,0.6  +- 7.5 ,98.8  +- 10.6 ,38.4  +- 17.7 ,0.5  +- 7.1 ,0.8  +- 8.9 ,0.6  +- 6.8 ,99.6  +- 5.8 ,5681 +- 5065,4051 +- 3341
oakley,92570.5  +- 19095.0 ,68.2  +- 15.0 ,77.5  +- 9.0 ,87.1  +- 12.3 ,76.8  +- 12.7 ,81145.5  +- 14307.5 ,87.2  +- 9.2 ,79.8  +- 10.7 ,79.8  +- 9.7 ,80.5  +- 8.7 ,81.0  +- 9.7 ,75.8  +- 12.2 ,82.9  +- 7.4 ,90.4  +- 12.9 ,66.0  +- 11.1 ,91.9  +- 14.1 ,66.1  +- 11.1 ,63.0  +- 16.9 ,71.0  +- 24.8 ,90.5  +- 14.4 ,96.1  +- 4.9 ,75.2  +- 13.7 ,78.2  +- 24.4 ,2777 +- 3748,2118 +- 3113
tl_oakley,82180.2  +- 35940.4 ,58.9  +- 21.4 ,76.3  +- 11.0 ,78.2  +- 24.2 ,72.3  +- 13.2 ,95366.4  +- 16554.8 ,95.8  +- 7.6 ,92.7  +- 10.1 ,96.4  +- 6.9 ,93.7  +- 7.8 ,81.7  +- 10.4 ,88.8  +- 12.3 ,95.1  +- 5.9 ,77.9  +- 32.4 ,77.6  +- 12.6 ,79.7  +- 34.3 ,77.7  +- 12.6 ,47.1  +- 21.5 ,63.6  +- 27.5 ,80.0  +- 30.7 ,90.5  +- 17.9 ,67.0  +- 28.8 ,73.5  +- 27.0 ,6752 +- 10242,2579 +- 3014
resc_oakley,65863.6  +- 32189.9 ,73.9  +- 13.7 ,77.8  +- 9.9 ,74.7  +- 24.6 ,85.5  +- 12.2 ,62157.3  +- 17500.5 ,73.8  +- 15.3 ,64.9  +- 16.6 ,77.2  +- 13.8 ,64.7  +- 14.2 ,78.0  +- 12.6 ,60.5  +- 16.9 ,67.2  +- 13.2 ,74.7  +- 30.1 ,50.7  +- 14.2 ,69.5  +- 32.7 ,50.7  +- 14.2 ,81.6  +- 15.7 ,65.8  +- 26.9 ,93.9  +- 17.8 ,98.7  +- 5.5 ,53.8  +- 26.1 ,93.2  +- 15.6 ,6745 +- 8896,2850 +- 3430
resc_tl_oakley,75860.6  +- 34210.5 ,66.7  +- 19.3 ,78.7  +- 10.4 ,77.8  +- 24.9 ,76.1  +- 13.2 ,86862.3  +- 18170.9 ,91.8  +- 10.8 ,87.2  +- 13.6 ,94.8  +- 10.4 ,87.9  +- 11.4 ,82.4  +- 10.8 ,83.0  +- 15.4 ,89.7  +- 9.8 ,77.9  +- 30.9 ,70.7  +- 14.2 ,76.7  +- 33.3 ,70.8  +- 14.2 ,58.3  +- 21.4 ,66.4  +- 27.4 ,87.7  +- 24.4 ,97.2  +- 5.7 ,61.9  +- 27.4 ,83.0  +- 23.9 ,6474 +- 9806,2285 +- 2590
tl_resc_oakley,82707.7  +- 35898.2 ,53.7  +- 22.1 ,74.0  +- 11.1 ,77.6  +- 24.2 ,70.3  +- 13.2 ,97684.3  +- 16331.4 ,95.5  +- 7.4 ,93.2  +- 9.5 ,97.3  +- 5.5 ,94.1  +- 7.1 ,80.2  +- 10.5 ,89.8  +- 11.4 ,95.0  +- 5.6 ,77.5  +- 32.4 ,79.5  +- 12.3 ,79.5  +- 34.4 ,79.5  +- 12.3 ,42.0  +- 21.3 ,62.2  +- 26.7 ,78.9  +- 31.1 ,87.9  +- 21.0 ,67.4  +- 28.6 ,71.9  +- 26.7 ,6920 +- 10252,2638 +- 2942
oakley_max,151.8  +- 2892.0 ,57.6  +- 13.4 ,41.7  +- 13.2 ,25.3  +- 14.0 ,0.3  +- 4.9 ,151.8  +- 2892.0 ,0.2  +- 3.1 ,0.1  +- 2.8 ,0.3  +- 5.3 ,0.1  +- 2.8 ,0.2  +- 3.8 ,0.1  +- 2.6 ,0.1  +- 2.8 ,0.2  +- 3.7 ,0.1  +- 2.4 ,0.1  +- 2.8 ,0.1  +- 2.4 ,99.4  +- 7.4 ,38.4  +- 17.6 ,0.3  +- 5.2 ,0.3  +- 5.2 ,0.1  +- 2.4 ,100.0  +- 0.0 ,5682 +- 5019,4044 +- 3346
tl_oakley_max,596.7  +- 7613.0 ,57.3  +- 13.9 ,41.8  +- 13.3 ,25.7  +- 14.7 ,0.4  +- 5.2 ,650.7  +- 8336.6 ,0.6  +- 7.4 ,0.6  +- 7.4 ,0.8  +- 9.1 ,0.5  +- 7.3 ,0.5  +- 6.1 ,0.6  +- 7.3 ,0.5  +- 7.3 ,0.5  +- 7.1 ,0.6  +- 7.3 ,0.5  +- 7.0 ,0.6  +- 7.3 ,98.9  +- 10.3 ,38.5  +- 17.8 ,0.5  +- 7.2 ,0.8  +- 8.7 ,0.5  +- 6.7 ,99.7  +- 5.3 ,5698 +- 5127,4049 +- 3343
resc_tl_oakley_max,585.7  +- 7515.0 ,57.3  +- 13.9 ,41.8  +- 13.3 ,25.6  +- 14.7 ,0.4  +- 5.2 ,639.7  +- 8239.4 ,0.5  +- 7.3 ,0.5  +- 7.3 ,0.8  +- 9.1 ,0.5  +- 7.2 ,0.4  +- 6.0 ,0.6  +- 7.2 ,0.5  +- 7.2 ,0.5  +- 7.0 ,0.6  +- 7.2 ,0.5  +- 6.9 ,0.6  +- 7.2 ,98.9  +- 10.2 ,38.5  +- 17.8 ,0.5  +- 7.2 ,0.8  +- 9.0 ,0.5  +- 6.6 ,99.7  +- 5.2 ,5699 +- 5133,4051 +- 3341
kripke,100937.5  +- 19036.3 ,61.2  +- 17.7 ,76.6  +- 10.3 ,85.0  +- 12.9 ,72.5  +- 13.1 ,94781.0  +- 13815.5 ,95.9  +- 5.0 ,90.4  +- 7.5 ,87.9  +- 7.8 ,90.5  +- 6.1 ,81.8  +- 9.8 ,86.5  +- 9.8 ,92.4  +- 4.6 ,89.3  +- 13.4 ,77.1  +- 9.9 ,94.9  +- 12.9 ,77.1  +- 9.9 ,48.8  +- 18.3 ,61.1  +- 28.5 ,85.7  +- 16.3 ,94.3  +- 7.0 ,81.8  +- 12.8 ,60.3  +- 30.2 ,2965 +- 4026,2754 +- 3022
tl_kripke,97628.4  +- 28724.3 ,48.8  +- 21.1 ,72.7  +- 11.3 ,80.8  +- 18.5 ,68.4  +- 13.2 ,103319.3  +- 14601.9 ,98.4  +- 3.2 ,96.3  +- 6.0 ,95.6  +- 5.4 ,96.3  +- 5.0 ,80.0  +- 10.1 ,93.0  +- 8.9 ,97.4  +- 3.2 ,83.9  +- 23.9 ,83.9  +- 9.8 ,89.9  +- 25.1 ,84.0  +- 9.9 ,35.6  +- 19.3 ,55.8  +- 28.3 ,80.3  +- 23.7 ,90.6  +- 15.3 ,79.2  +- 21.9 ,55.2  +- 30.0 ,4531 +- 7605,3315 +- 3217
resc_kripke,73791.5  +- 34885.0 ,72.8  +- 15.3 ,80.1  +- 9.5 ,76.6  +- 25.9 ,80.7  +- 12.8 ,76768.6  +- 16290.0 ,86.3  +- 10.6 ,78.2  +- 13.6 ,86.0  +- 11.5 ,77.7  +- 11.4 ,82.6  +- 9.9 ,73.3  +- 14.5 ,80.0  +- 10.2 ,76.2  +- 32.9 ,62.5  +- 13.0 ,74.8  +- 34.7 ,62.6  +- 13.1 ,70.4  +- 18.7 ,65.9  +- 28.0 ,86.2  +- 27.6 ,97.6  +- 5.3 ,60.2  +- 27.9 ,85.1  +- 22.4 ,6891 +- 10214,2386 +- 2669
resc_tl_kripke,86026.7  +- 32553.1 ,61.9  +- 19.7 ,77.2  +- 10.4 ,80.1  +- 22.0 ,73.3  +- 13.2 ,93519.0  +- 15675.4 ,95.5  +- 6.2 ,91.5  +- 9.7 ,94.5  +- 7.5 ,91.3  +- 8.9 ,82.2  +- 9.8 ,87.3  +- 12.3 ,93.0  +- 7.0 ,81.3  +- 28.4 ,76.0  +- 11.6 ,83.2  +- 30.3 ,76.1  +- 11.6 ,50.4  +- 20.6 ,64.1  +- 27.1 ,82.9  +- 27.0 ,95.0  +- 9.6 ,69.9  +- 25.4 ,72.6  +- 27.7 ,5350 +- 8852,2716 +- 2775
tl_resc_kripke,97616.0  +- 28982.6 ,42.6  +- 21.5 ,70.5  +- 11.6 ,79.8  +- 18.8 ,66.7  +- 13.2 ,106192.8  +- 14596.0 ,98.5  +- 3.0 ,97.1  +- 5.2 ,97.2  +- 4.1 ,97.1  +- 4.3 ,78.7  +- 10.3 ,94.4  +- 8.0 ,97.8  +- 2.8 ,83.2  +- 24.1 ,86.2  +- 9.5 ,89.4  +- 25.5 ,86.3  +- 9.5 ,30.1  +- 18.8 ,54.5  +- 27.1 ,79.6  +- 23.9 ,88.8  +- 17.3 ,79.3  +- 22.0 ,54.2  +- 29.0 ,4907 +- 7761,3280 +- 3149
kripke_max,230.3  +- 4387.9 ,57.6  +- 13.4 ,41.7  +- 13.2 ,25.2  +- 14.0 ,0.2  +- 3.1 ,230.3  +- 4387.9 ,0.3  +- 5.2 ,0.3  +- 5.3 ,0.3  +- 5.3 ,0.2  +- 4.0 ,0.2  +- 3.9 ,0.2  +- 4.4 ,0.2  +- 4.3 ,0.2  +- 4.0 ,0.1  +- 2.8 ,0.3  +- 5.2 ,0.1  +- 2.8 ,99.4  +- 7.6 ,38.3  +- 17.6 ,0.2  +- 3.2 ,0.3  +- 5.2 ,0.1  +- 2.8 ,99.9  +- 1.6 ,5606 +- 4897,4037 +- 3343
tl_kripke_max,614.3  +- 8416.5 ,57.5  +- 13.4 ,41.9  +- 13.3 ,25.5  +- 14.4 ,0.4  +- 5.5 ,641.3  +- 8714.8 ,0.6  +- 7.4 ,0.6  +- 7.4 ,0.6  +- 7.4 ,0.5  +- 7.4 ,0.5  +- 6.2 ,0.5  +- 7.3 ,0.5  +- 7.4 ,0.5  +- 6.3 ,0.5  +- 6.9 ,0.5  +- 7.1 ,0.5  +- 6.9 ,99.1  +- 9.1 ,38.4  +- 17.6 ,0.4  +- 6.0 ,0.5  +- 7.1 ,0.5  +- 6.5 ,99.7  +- 4.5 ,5649 +- 4993,4046 +- 3344
resc_tl_kripke_max,603.3  +- 8276.8 ,57.6  +- 13.4 ,41.9  +- 13.4 ,25.5  +- 14.5 ,0.4  +- 5.6 ,630.3  +- 8572.4 ,0.6  +- 7.4 ,0.6  +- 7.4 ,0.6  +- 7.4 ,0.5  +- 7.3 ,0.5  +- 6.3 ,0.5  +- 7.3 ,0.5  +- 7.3 ,0.5  +- 6.4 ,0.5  +- 6.7 ,0.5  +- 7.1 ,0.5  +- 6.7 ,99.1  +- 8.8 ,38.4  +- 17.6 ,0.4  +- 6.2 ,0.5  +- 7.1 ,0.5  +- 6.4 ,99.8  +- 4.2 ,5647 +- 4993,4044 +- 3346
webster,106301.1  +- 16254.9 ,52.1  +- 18.5 ,73.3  +- 11.2 ,83.2  +- 11.8 ,69.0  +- 13.3 ,102160.3  +- 13476.7 ,98.2  +- 3.1 ,94.4  +- 5.4 ,90.9  +- 6.0 ,94.4  +- 4.4 ,80.3  +- 10.2 ,91.2  +- 7.9 ,95.8  +- 3.0 ,88.9  +- 9.7 ,83.0  +- 8.6 ,96.6  +- 7.2 ,83.0  +- 8.6 ,38.2  +- 17.3 ,52.9  +- 28.2 ,83.7  +- 14.0 ,92.6  +- 7.3 ,86.1  +- 8.9 ,48.9  +- 30.1 ,3091 +- 3207,3273 +- 3191
tl_webster,104416.5  +- 21685.6 ,37.5  +- 21.7 ,68.9  +- 12.3 ,81.6  +- 14.3 ,65.4  +- 13.4 ,109479.9  +- 14255.6 ,99.5  +- 1.7 ,98.4  +- 3.6 ,97.3  +- 3.6 ,98.4  +- 2.9 ,78.1  +- 10.6 ,96.1  +- 6.5 ,99.0  +- 1.5 ,86.6  +- 16.7 ,88.9  +- 8.5 ,94.4  +- 16.6 ,88.9  +- 8.5 ,25.6  +- 18.0 ,50.9  +- 27.7 ,81.2  +- 18.4 ,90.4  +- 13.5 ,84.7  +- 15.3 ,46.7  +- 29.0 ,3505 +- 5364,3675 +- 3269
resc_webster,89854.0  +- 26770.5 ,67.7  +- 17.1 ,79.0  +- 10.0 ,83.6  +- 18.9 ,76.2  +- 13.4 ,87714.6  +- 15122.0 ,93.1  +- 6.6 ,86.8  +- 10.1 ,88.4  +- 9.2 ,85.9  +- 8.9 ,83.0  +- 9.6 ,81.9  +- 11.9 ,87.8  +- 7.4 ,86.1  +- 22.4 ,71.3  +- 11.3 ,88.2  +- 23.9 ,71.4  +- 11.3 ,58.9  +- 19.8 ,67.0  +- 27.2 ,87.1  +- 20.8 ,96.2  +- 5.3 ,73.0  +- 20.6 ,74.0  +- 27.5 ,3945 +- 7310,2492 +- 2710
resc_tl_webster,95922.3  +- 27165.3 ,51.0  +- 22.1 ,73.4  +- 11.8 ,81.6  +- 18.1 ,69.3  +- 13.7 ,102007.4  +- 15078.1 ,98.2  +- 3.3 ,96.1  +- 6.1 ,96.6  +- 5.3 ,95.8  +- 5.5 ,80.4  +- 10.3 ,92.8  +- 9.1 ,96.8  +- 3.9 ,84.9  +- 22.5 ,82.9  +- 10.3 ,89.9  +- 23.6 ,82.9  +- 10.3 ,38.3  +- 20.8 ,59.3  +- 27.8 ,82.3  +- 22.8 ,93.0  +- 11.5 ,77.9  +- 20.4 ,61.1  +- 30.4 ,4216 +- 7222,3122 +- 2994
tl_resc_webster,104951.0  +- 21656.3 ,31.9  +- 21.4 ,67.1  +- 12.4 ,81.0  +- 14.2 ,64.1  +- 13.3 ,111622.9  +- 14198.5 ,99.4  +- 1.7 ,98.8  +- 3.1 ,98.0  +- 3.3 ,98.7  +- 2.5 ,77.1  +- 10.6 ,96.8  +- 5.8 ,99.0  +- 1.5 ,86.3  +- 16.6 ,90.6  +- 8.0 ,94.3  +- 16.6 ,90.7  +- 8.0 ,21.3  +- 17.1 ,49.6  +- 26.3 ,80.7  +- 18.4 ,89.6  +- 13.6 ,85.1  +- 15.0 ,45.1  +- 27.9 ,3808 +- 5497,3625 +- 3223
webster_max,295.0  +- 5621.3 ,57.6  +- 13.4 ,41.7  +- 13.2 ,25.4  +- 14.2 ,0.2  +- 3.6 ,319.0  +- 6077.9 ,0.2  +- 4.4 ,0.2  +- 4.3 ,0.3  +- 5.3 ,0.2  +- 4.6 ,0.2  +- 4.0 ,0.3  +- 5.2 ,0.3  +- 5.1 ,0.2  +- 4.5 ,0.2  +- 3.6 ,0.2  +- 4.0 ,0.2  +- 3.6 ,99.3  +- 7.9 ,38.4  +- 17.6 ,0.3  +- 5.2 ,0.3  +- 5.2 ,0.2  +- 3.3 ,100.0  +- 0.0 ,5655 +- 4998,4051 +- 3339
tl_webster_max,666.1  +- 7921.1 ,57.2  +- 14.1 ,41.8  +- 13.2 ,25.6  +- 14.6 ,0.4  +- 5.1 ,723.4  +- 8629.7 ,0.6  +- 7.4 ,0.6  +- 7.4 ,0.8  +- 9.1 ,0.6  +- 7.5 ,0.5  +- 6.0 ,0.6  +- 7.5 ,0.6  +- 7.5 ,0.5  +- 7.0 ,0.6  +- 7.5 ,0.5  +- 7.0 ,0.6  +- 7.5 ,98.8  +- 10.7 ,38.4  +- 17.7 ,0.6  +- 7.1 ,0.8  +- 8.7 ,0.6  +- 6.9 ,99.5  +- 5.9 ,5680 +- 5060,4052 +- 3340
resc_tl_webster_max,658.4  +- 7857.4 ,57.3  +- 14.0 ,41.8  +- 13.2 ,25.6  +- 14.7 ,0.4  +- 5.1 ,712.4  +- 8567.6 ,0.6  +- 7.4 ,0.6  +- 7.4 ,0.8  +- 9.1 ,0.6  +- 7.5 ,0.5  +- 6.1 ,0.6  +- 7.5 ,0.6  +- 7.5 ,0.5  +- 7.0 ,0.6  +- 7.5 ,0.5  +- 7.0 ,0.6  +- 7.5 ,98.8  +- 10.6 ,38.4  +- 17.7 ,0.5  +- 7.1 ,0.8  +- 8.9 ,0.6  +- 6.8 ,99.6  +- 5.8 ,5681 +- 5065,4051 +- 3341
ExtraTrees,81071.3  +- 31624.3 ,73.9  +- 16.3 ,81.8  +- 10.0 ,81.6  +- 22.6 ,80.3  +- 12.4 ,80720.9  +- 16748.1 ,90.4  +- 11.4 ,81.9  +- 14.3 ,85.5  +- 12.7 ,82.8  +- 11.4 ,84.3  +- 10.5 ,77.2  +- 15.6 ,85.8  +- 9.6 ,81.8  +- 28.8 ,65.8  +- 13.5 ,81.6  +- 30.8 ,65.8  +- 13.5 ,68.1  +- 18.7 ,69.3  +- 27.2 ,88.0  +- 23.9 ,97.4  +- 4.4 ,66.2  +- 25.4 ,82.6  +- 23.0 ,5183 +- 8755,2190 +- 2780
tl_ExtraTrees,75024.0  +- 39609.2 ,66.8  +- 17.7 ,78.6  +- 9.8 ,74.9  +- 27.4 ,75.7  +- 12.2 ,87275.5  +- 16741.2 ,92.2  +- 10.2 ,86.7  +- 13.2 ,91.1  +- 12.3 ,88.0  +- 10.2 ,82.5  +- 10.1 ,82.5  +- 14.8 ,90.3  +- 8.2 ,72.6  +- 37.0 ,71.1  +- 13.3 ,73.2  +- 38.9 ,71.1  +- 13.4 ,57.4  +- 19.2 ,63.8  +- 27.5 ,77.5  +- 34.9 ,92.0  +- 17.3 ,61.1  +- 31.9 ,78.4  +- 24.7 ,8358 +- 11596,2643 +- 3109
resc_ExtraTrees,55908.3  +- 34341.0 ,74.8  +- 14.5 ,78.5  +- 11.2 ,67.8  +- 27.5 ,86.1  +- 12.1 ,62245.5  +- 19739.4 ,74.2  +- 18.1 ,65.6  +- 19.6 ,85.1  +- 15.1 ,65.3  +- 17.2 ,78.2  +- 14.8 ,61.2  +- 19.8 ,68.0  +- 16.1 ,66.2  +- 33.9 ,50.8  +- 16.1 ,59.6  +- 35.7 ,50.8  +- 16.1 ,82.0  +- 16.3 ,61.8  +- 27.2 ,93.7  +- 19.5 ,98.8  +- 5.9 ,45.5  +- 27.7 ,95.4  +- 12.8 ,9159 +- 10108,2946 +- 3368
resc_tl_ExtraTrees,64504.7  +- 34210.4 ,74.1  +- 15.4 ,80.2  +- 10.4 ,72.7  +- 26.2 ,82.4  +- 12.0 ,72382.6  +- 19158.4 ,82.8  +- 15.8 ,74.9  +- 17.9 ,89.5  +- 12.2 ,75.5  +- 15.4 ,81.5  +- 12.6 ,70.5  +- 18.9 ,78.3  +- 13.7 ,71.9  +- 32.7 ,59.0  +- 15.6 ,67.3  +- 35.0 ,59.1  +- 15.6 ,73.9  +- 17.9 ,64.6  +- 27.3 ,90.0  +- 24.3 ,98.4  +- 5.3 ,52.7  +- 27.6 ,91.7  +- 16.5 ,7792 +- 10136,2823 +- 3141
tl_resc_ExtraTrees,75702.2  +- 39651.4 ,60.4  +- 19.0 ,76.0  +- 9.9 ,74.5  +- 27.2 ,72.7  +- 12.3 ,91776.6  +- 16576.6 ,93.1  +- 9.2 ,89.3  +- 12.1 ,94.2  +- 9.4 ,90.5  +- 9.2 ,80.9  +- 10.1 ,85.6  +- 13.7 ,92.0  +- 7.4 ,72.2  +- 37.2 ,74.7  +- 13.0 ,73.2  +- 39.0 ,74.8  +- 13.0 ,49.6  +- 19.7 ,62.6  +- 26.4 ,76.1  +- 35.6 ,88.5  +- 21.0 ,61.7  +- 32.0 ,76.6  +- 24.0 ,8474 +- 11529,2686 +- 2956
ExtraTrees_max,276.3  +- 5264.4 ,57.6  +- 13.4 ,41.8  +- 13.3 ,25.4  +- 14.4 ,0.2  +- 4.4 ,280.4  +- 5343.1 ,0.3  +- 5.2 ,0.3  +- 5.2 ,0.3  +- 5.3 ,0.3  +- 5.2 ,0.3  +- 4.8 ,0.3  +- 4.8 ,0.3  +- 5.2 ,0.3  +- 5.2 ,0.2  +- 4.5 ,0.3  +- 5.2 ,0.2  +- 4.5 ,99.3  +- 7.8 ,38.5  +- 17.8 ,0.3  +- 5.2 ,0.3  +- 5.2 ,0.2  +- 4.4 ,100.0  +- 0.0 ,5645 +- 5007,4044 +- 3346
tl_ExtraTrees_max,343.3  +- 5826.6 ,57.5  +- 13.6 ,41.9  +- 13.3 ,25.5  +- 14.3 ,0.4  +- 5.7 ,398.6  +- 6417.6 ,0.3  +- 5.4 ,0.4  +- 5.5 ,0.6  +- 7.4 ,0.4  +- 5.5 ,0.4  +- 5.3 ,0.4  +- 5.4 ,0.4  +- 5.5 ,0.3  +- 5.3 ,0.3  +- 5.4 ,0.3  +- 5.0 ,0.3  +- 5.4 ,99.1  +- 9.1 ,38.4  +- 17.5 ,0.6  +- 7.4 ,0.6  +- 7.4 ,0.3  +- 4.9 ,100.0  +- 0.0 ,5663 +- 4992,4086 +- 3424
resc_tl_ExtraTrees_max,336.6  +- 5811.8 ,57.6  +- 13.3 ,41.9  +- 13.3 ,25.5  +- 14.3 ,0.4  +- 5.9 ,387.6  +- 6337.3 ,0.3  +- 5.4 ,0.3  +- 5.4 ,0.6  +- 7.4 ,0.3  +- 5.4 ,0.4  +- 5.4 ,0.3  +- 5.4 ,0.3  +- 5.4 ,0.3  +- 5.2 ,0.3  +- 5.3 ,0.3  +- 4.9 ,0.3  +- 5.3 ,99.2  +- 8.7 ,38.4  +- 17.5 ,0.6  +- 7.4 ,0.6  +- 7.4 ,0.3  +- 4.9 ,100.0  +- 0.0 ,5663 +- 4992,4088 +- 3432
SGD_perceptron,84709.4  +- 27472.3 ,71.1  +- 15.4 ,78.4  +- 10.2 ,84.0  +- 19.2 ,79.4  +- 12.4 ,75627.0  +- 17231.7 ,83.9  +- 13.7 ,76.4  +- 15.4 ,78.7  +- 14.1 ,77.1  +- 13.5 ,80.7  +- 11.7 ,72.2  +- 16.5 ,79.9  +- 12.2 ,85.6  +- 23.3 ,61.7  +- 14.0 ,85.5  +- 25.4 ,61.7  +- 14.0 ,69.0  +- 17.7 ,70.4  +- 26.8 ,90.2  +- 19.4 ,97.3  +- 4.2 ,69.0  +- 21.8 ,82.1  +- 24.1 ,3956 +- 7201,2288 +- 3046
tl_SGD_perceptron,73630.0  +- 39446.5 ,66.6  +- 18.1 ,78.2  +- 10.1 ,74.3  +- 28.0 ,75.8  +- 12.4 ,86183.7  +- 17565.5 ,91.1  +- 11.8 ,85.6  +- 14.2 ,90.6  +- 12.8 ,86.9  +- 12.1 ,81.8  +- 11.0 ,81.5  +- 15.8 ,89.2  +- 10.5 ,72.2  +- 36.9 ,70.2  +- 13.9 ,72.4  +- 38.9 ,70.2  +- 13.9 ,58.1  +- 19.6 ,63.7  +- 28.0 ,78.5  +- 34.2 ,92.9  +- 16.3 ,60.0  +- 31.7 ,79.2  +- 24.0 ,8408 +- 11637,2660 +- 3082
resc_SGD_perceptron,47941.3  +- 35154.4 ,71.6  +- 14.3 ,73.4  +- 12.7 ,61.8  +- 28.6 ,85.7  +- 13.8 ,53523.4  +- 20986.2 ,63.8  +- 21.5 ,56.4  +- 21.4 ,81.3  +- 18.5 ,56.2  +- 19.9 ,70.8  +- 18.7 ,52.8  +- 21.3 ,58.5  +- 19.4 ,58.4  +- 35.6 ,43.7  +- 17.2 ,51.4  +- 36.9 ,43.8  +- 17.2 ,84.4  +- 15.0 ,57.8  +- 26.8 ,92.9  +- 22.2 ,98.1  +- 11.7 ,39.0  +- 28.3 ,96.0  +- 12.0 ,10761 +- 10441,3411 +- 4066
resc_tl_SGD_perceptron,61084.8  +- 35744.5 ,72.5  +- 16.2 ,78.8  +- 11.3 ,69.5  +- 28.2 ,81.3  +- 12.7 ,72379.6  +- 20346.1 ,81.7  +- 17.6 ,74.5  +- 19.0 ,90.7  +- 13.6 ,75.3  +- 17.2 ,80.1  +- 14.4 ,70.2  +- 20.0 ,77.8  +- 16.1 ,68.1  +- 34.8 ,59.0  +- 16.5 ,63.7  +- 36.9 ,59.1  +- 16.5 ,72.4  +- 19.0 ,61.9  +- 28.1 ,88.1  +- 26.7 ,98.5  +- 6.4 ,49.9  +- 29.0 ,90.3  +- 18.3 ,8929 +- 10783,2892 +- 3382
tl_resc_SGD_perceptron,75057.6  +- 38932.1 ,60.9  +- 18.9 ,75.7  +- 10.1 ,74.0  +- 27.4 ,72.9  +- 12.4 ,90165.0  +- 17225.0 ,91.7  +- 10.7 ,87.8  +- 13.1 ,93.1  +- 10.3 ,89.0  +- 11.0 ,80.4  +- 10.7 ,84.1  +- 14.6 ,90.5  +- 9.6 ,72.4  +- 36.3 ,73.4  +- 13.3 ,72.9  +- 38.4 ,73.5  +- 13.4 ,51.1  +- 19.7 ,62.3  +- 26.8 ,77.7  +- 34.2 ,90.0  +- 18.9 ,61.2  +- 31.3 ,76.8  +- 24.1 ,8360 +- 11344,2739 +- 2950
SGD_perceptron_max,276.9  +- 5274.9 ,57.6  +- 13.4 ,41.8  +- 13.3 ,25.4  +- 14.4 ,0.2  +- 4.4 ,280.4  +- 5343.1 ,0.3  +- 5.2 ,0.3  +- 5.2 ,0.3  +- 5.3 ,0.3  +- 5.2 ,0.3  +- 4.8 ,0.3  +- 4.8 ,0.3  +- 5.2 ,0.3  +- 5.2 ,0.2  +- 4.5 ,0.3  +- 5.2 ,0.2  +- 4.5 ,99.3  +- 7.8 ,38.5  +- 17.8 ,0.3  +- 5.2 ,0.3  +- 5.2 ,0.2  +- 4.4 ,100.0  +- 0.0 ,5645 +- 5007,4044 +- 3346
tl_SGD_perceptron_max,338.3  +- 5705.9 ,57.6  +- 13.3 ,41.9  +- 13.2 ,25.5  +- 14.3 ,0.4  +- 5.7 ,365.3  +- 5798.4 ,0.3  +- 4.9 ,0.3  +- 5.0 ,0.6  +- 7.4 ,0.3  +- 5.0 ,0.3  +- 5.2 ,0.3  +- 5.0 ,0.3  +- 5.0 ,0.3  +- 5.2 ,0.3  +- 4.9 ,0.3  +- 4.9 ,0.3  +- 4.9 ,99.2  +- 8.3 ,38.4  +- 17.5 ,0.6  +- 7.4 ,0.6  +- 7.4 ,0.3  +- 4.8 ,100.0  +- 0.0 ,5665 +- 4991,4085 +- 3422
resc_tl_SGD_perceptron_max,330.0  +- 5658.8 ,57.6  +- 13.3 ,41.9  +- 13.2 ,25.5  +- 14.3 ,0.4  +- 5.9 ,357.0  +- 5740.8 ,0.3  +- 4.9 ,0.3  +- 5.0 ,0.6  +- 7.4 ,0.3  +- 4.9 ,0.3  +- 5.2 ,0.3  +- 4.9 ,0.3  +- 4.9 ,0.3  +- 5.2 ,0.3  +- 4.8 ,0.3  +- 4.8 ,0.3  +- 4.8 ,99.2  +- 8.3 ,38.4  +- 17.5 ,0.6  +- 7.4 ,0.6  +- 7.4 ,0.3  +- 4.7 ,100.0  +- 0.0 ,5666 +- 4990,4087 +- 3430
SGD_log,81908.5  +- 30268.0 ,73.4  +- 16.6 ,81.5  +- 10.2 ,82.0  +- 21.7 ,79.9  +- 12.4 ,81367.8  +- 17196.4 ,90.7  +- 11.9 ,82.4  +- 14.6 ,86.2  +- 11.7 ,83.2  +- 12.0 ,84.1  +- 10.6 ,77.7  +- 15.9 ,86.3  +- 10.4 ,82.9  +- 27.0 ,66.3  +- 13.9 ,82.7  +- 29.2 ,66.4  +- 14.0 ,67.2  +- 19.1 ,69.4  +- 27.8 ,88.8  +- 22.3 ,97.7  +- 3.3 ,66.9  +- 24.3 ,81.9  +- 24.4 ,4988 +- 8467,2197 +- 2870
tl_SGD_log,72721.5  +- 40964.6 ,66.4  +- 17.8 ,78.4  +- 10.0 ,72.9  +- 28.6 ,75.6  +- 12.3 ,87456.2  +- 17330.5 ,92.2  +- 10.8 ,86.8  +- 13.6 ,92.4  +- 11.1 ,88.0  +- 11.0 ,82.3  +- 10.3 ,82.6  +- 15.1 ,90.3  +- 9.2 ,70.3  +- 38.1 ,71.2  +- 13.8 ,71.0  +- 40.2 ,71.3  +- 13.8 ,57.1  +- 19.5 ,62.4  +- 27.9 ,76.4  +- 35.6 ,91.9  +- 17.6 ,59.3  +- 33.0 ,78.0  +- 25.0 ,9070 +- 12113,2712 +- 3199
resc_SGD_log,56761.7  +- 34343.2 ,74.8  +- 14.6 ,78.9  +- 11.3 ,68.3  +- 27.7 ,85.6  +- 12.0 ,64000.0  +- 20053.7 ,75.9  +- 18.1 ,67.3  +- 19.7 ,86.7  +- 13.5 ,67.0  +- 17.4 ,78.8  +- 14.6 ,62.8  +- 19.9 ,69.7  +- 16.4 ,66.8  +- 33.9 ,52.2  +- 16.5 ,60.6  +- 35.9 ,52.3  +- 16.5 ,80.7  +- 17.1 ,62.0  +- 27.5 ,92.9  +- 21.0 ,99.3  +- 1.7 ,46.4  +- 27.9 ,94.7  +- 13.8 ,9150 +- 10346,2963 +- 3636
resc_tl_SGD_log,65434.2  +- 34876.3 ,73.5  +- 15.8 ,80.0  +- 10.5 ,73.0  +- 26.8 ,81.9  +- 12.1 ,73646.0  +- 19757.0 ,83.8  +- 15.8 ,76.0  +- 18.2 ,90.9  +- 11.2 ,76.5  +- 15.7 ,81.5  +- 12.4 ,71.6  +- 19.0 ,79.2  +- 14.2 ,72.1  +- 33.5 ,60.1  +- 16.1 ,68.2  +- 35.6 ,60.1  +- 16.1 ,72.6  +- 18.8 ,64.8  +- 27.8 ,89.8  +- 24.3 ,99.0  +- 1.9 ,53.5  +- 28.2 ,90.6  +- 17.9 ,7697 +- 10368,2795 +- 3187
tl_resc_SGD_log,74299.7  +- 40231.7 ,60.1  +- 18.8 ,75.6  +- 10.0 ,73.1  +- 27.9 ,72.6  +- 12.4 ,91485.4  +- 17050.1 ,92.7  +- 10.0 ,88.9  +- 12.6 ,94.5  +- 9.1 ,90.0  +- 10.1 ,80.6  +- 10.1 ,85.3  +- 14.0 ,91.6  +- 8.5 ,71.0  +- 37.3 ,74.5  +- 13.4 ,71.9  +- 39.4 ,74.6  +- 13.4 ,49.7  +- 19.7 ,61.4  +- 26.8 ,76.1  +- 35.2 ,88.3  +- 20.4 ,60.7  +- 32.5 ,76.1  +- 24.8 ,8897 +- 11818,2753 +- 3048
SGD_log_max,275.5  +- 5248.6 ,57.6  +- 13.4 ,41.8  +- 13.3 ,25.4  +- 14.4 ,0.2  +- 4.4 ,279.6  +- 5327.4 ,0.3  +- 5.2 ,0.3  +- 5.2 ,0.3  +- 5.3 ,0.3  +- 5.2 ,0.3  +- 4.8 ,0.3  +- 4.8 ,0.3  +- 5.2 ,0.3  +- 5.2 ,0.2  +- 4.4 ,0.3  +- 5.1 ,0.2  +- 4.4 ,99.3  +- 7.8 ,38.5  +- 17.8 ,0.3  +- 5.2 ,0.3  +- 5.2 ,0.2  +- 4.4 ,100.0  +- 0.0 ,5645 +- 5007,4045 +- 3346
tl_SGD_log_max,389.5  +- 5611.7 ,57.5  +- 13.5 ,41.8  +- 13.2 ,25.5  +- 14.3 ,0.4  +- 5.6 ,416.5  +- 5839.6 ,0.4  +- 5.6 ,0.4  +- 5.3 ,0.6  +- 7.4 ,0.4  +- 5.4 ,0.4  +- 5.5 ,0.4  +- 5.4 ,0.4  +- 5.4 ,0.4  +- 5.8 ,0.4  +- 5.4 ,0.4  +- 5.3 ,0.4  +- 5.4 ,99.1  +- 8.9 ,38.3  +- 17.6 ,0.5  +- 7.2 ,0.5  +- 7.4 ,0.4  +- 5.2 ,99.7  +- 5.1 ,5654 +- 5000,4092 +- 3388
resc_tl_SGD_log_max,378.5  +- 5484.5 ,57.5  +- 13.5 ,41.8  +- 13.2 ,25.5  +- 14.3 ,0.4  +- 5.6 ,405.5  +- 5706.1 ,0.4  +- 5.4 ,0.4  +- 5.2 ,0.6  +- 7.4 ,0.4  +- 5.3 ,0.4  +- 5.4 ,0.4  +- 5.3 ,0.4  +- 5.3 ,0.4  +- 5.7 ,0.4  +- 5.3 ,0.4  +- 5.2 ,0.4  +- 5.3 ,99.1  +- 8.9 ,38.3  +- 17.6 ,0.5  +- 7.2 ,0.6  +- 7.4 ,0.4  +- 5.1 ,99.7  +- 5.1 ,5655 +- 4999,4094 +- 3395
SGD_hinge,79966.9  +- 32186.7 ,73.5  +- 16.5 ,81.4  +- 10.3 ,81.0  +- 23.0 ,80.2  +- 12.4 ,80365.0  +- 17613.3 ,89.9  +- 12.8 ,81.5  +- 15.3 ,86.4  +- 11.5 ,82.4  +- 12.6 ,83.8  +- 11.1 ,76.8  +- 16.4 ,85.4  +- 11.2 ,81.4  +- 29.0 ,65.5  +- 14.3 ,81.0  +- 31.2 ,65.6  +- 14.3 ,68.0  +- 19.0 ,68.9  +- 28.2 ,88.8  +- 22.7 ,97.8  +- 3.1 ,65.3  +- 25.9 ,82.4  +- 24.2 ,5374 +- 8949,2147 +- 2817
tl_SGD_hinge,71601.9  +- 41272.1 ,66.5  +- 17.6 ,78.2  +- 10.0 ,72.7  +- 28.5 ,75.8  +- 12.3 ,86486.0  +- 17614.5 ,91.4  +- 11.7 ,86.0  +- 14.2 ,91.5  +- 12.2 ,87.1  +- 11.7 ,81.9  +- 10.7 ,81.8  +- 15.6 ,89.4  +- 10.1 ,69.6  +- 38.4 ,70.5  +- 14.1 ,70.0  +- 40.6 ,70.5  +- 14.1 ,57.7  +- 19.4 ,62.5  +- 27.7 ,76.0  +- 36.2 ,91.7  +- 18.1 ,58.5  +- 33.3 ,79.1  +- 24.3 ,9320 +- 12182,2678 +- 3190
resc_SGD_hinge,55853.7  +- 34488.9 ,74.6  +- 14.6 ,78.3  +- 11.6 ,67.6  +- 27.7 ,85.8  +- 12.0 ,62547.4  +- 20476.1 ,74.4  +- 19.0 ,65.8  +- 20.3 ,85.5  +- 15.2 ,65.6  +- 18.0 ,77.9  +- 15.6 ,61.4  +- 20.4 ,68.2  +- 17.1 ,65.8  +- 34.2 ,51.1  +- 16.8 ,59.5  +- 36.0 ,51.1  +- 16.8 ,81.4  +- 16.8 ,61.5  +- 27.1 ,92.4  +- 21.9 ,98.7  +- 7.6 ,45.7  +- 28.0 ,94.8  +- 13.5 ,9353 +- 10269,2952 +- 3414
resc_tl_SGD_hinge,63433.1  +- 34928.2 ,73.5  +- 15.8 ,79.5  +- 11.1 ,72.1  +- 27.0 ,82.2  +- 12.3 ,71695.6  +- 20047.4 ,81.9  +- 17.1 ,74.2  +- 19.0 ,89.6  +- 12.0 ,74.6  +- 16.4 ,80.7  +- 13.8 ,69.8  +- 19.5 ,77.3  +- 15.2 ,70.9  +- 33.7 ,58.5  +- 16.4 ,66.5  +- 35.9 ,58.5  +- 16.4 ,73.8  +- 18.6 ,64.3  +- 27.6 ,90.1  +- 24.2 ,98.9  +- 2.0 ,52.0  +- 28.5 ,91.5  +- 17.2 ,7982 +- 10518,2877 +- 3345
tl_resc_SGD_hinge,74309.4  +- 40138.3 ,60.3  +- 18.7 ,75.6  +- 10.0 ,73.6  +- 27.5 ,72.7  +- 12.3 ,90922.3  +- 17426.9 ,92.2  +- 10.8 ,88.5  +- 13.2 ,94.1  +- 9.5 ,89.7  +- 10.8 ,80.4  +- 10.5 ,84.8  +- 14.6 ,91.2  +- 9.3 ,71.2  +- 37.4 ,74.1  +- 13.8 ,72.0  +- 39.4 ,74.1  +- 13.8 ,50.1  +- 19.8 ,62.0  +- 26.4 ,75.8  +- 35.8 ,88.0  +- 21.4 ,60.7  +- 32.4 ,76.9  +- 24.1 ,8844 +- 11786,2722 +- 3040
SGD_hinge_max,275.5  +- 5248.6 ,57.6  +- 13.4 ,41.8  +- 13.3 ,25.4  +- 14.4 ,0.2  +- 4.4 ,279.6  +- 5327.4 ,0.3  +- 5.2 ,0.3  +- 5.2 ,0.3  +- 5.3 ,0.3  +- 5.2 ,0.3  +- 4.8 ,0.3  +- 4.8 ,0.3  +- 5.2 ,0.3  +- 5.2 ,0.2  +- 4.4 ,0.3  +- 5.1 ,0.2  +- 4.4 ,99.3  +- 7.8 ,38.5  +- 17.8 ,0.3  +- 5.2 ,0.3  +- 5.2 ,0.2  +- 4.4 ,100.0  +- 0.0 ,5645 +- 5007,4045 +- 3346
tl_SGD_hinge_max,343.3  +- 5826.6 ,57.5  +- 13.6 ,41.9  +- 13.3 ,25.5  +- 14.3 ,0.4  +- 5.7 ,398.1  +- 6417.6 ,0.3  +- 5.4 ,0.4  +- 5.5 ,0.6  +- 7.4 ,0.4  +- 5.5 ,0.4  +- 5.3 ,0.4  +- 5.4 ,0.4  +- 5.5 ,0.3  +- 5.3 ,0.3  +- 5.4 ,0.3  +- 5.0 ,0.3  +- 5.4 ,99.1  +- 9.1 ,38.4  +- 17.5 ,0.6  +- 7.4 ,0.6  +- 7.4 ,0.3  +- 4.9 ,100.0  +- 0.0 ,5663 +- 4992,4086 +- 3424
resc_tl_SGD_hinge_max,336.6  +- 5811.8 ,57.6  +- 13.3 ,41.9  +- 13.3 ,25.5  +- 14.3 ,0.4  +- 5.9 ,387.1  +- 6327.0 ,0.3  +- 5.4 ,0.3  +- 5.4 ,0.6  +- 7.4 ,0.3  +- 5.4 ,0.4  +- 5.4 ,0.3  +- 5.4 ,0.3  +- 5.4 ,0.3  +- 5.2 ,0.3  +- 5.3 ,0.3  +- 4.9 ,0.3  +- 5.3 ,99.2  +- 8.6 ,38.4  +- 17.5 ,0.6  +- 7.4 ,0.6  +- 7.4 ,0.3  +- 4.9 ,100.0  +- 0.0 ,5663 +- 4992,4088 +- 3432
SGD_huber,85252.3  +- 29618.8 ,71.8  +- 16.9 ,80.7  +- 10.3 ,82.8  +- 21.1 ,78.7  +- 12.4 ,83090.4  +- 17272.3 ,91.3  +- 12.1 ,83.4  +- 14.5 ,85.9  +- 11.7 ,84.4  +- 12.1 ,83.6  +- 10.9 ,78.9  +- 15.9 ,87.4  +- 10.5 ,84.2  +- 25.7 ,67.7  +- 13.9 ,85.0  +- 27.8 ,67.8  +- 14.0 ,64.5  +- 19.2 ,69.1  +- 27.4 ,88.6  +- 20.8 ,97.1  +- 3.6 ,69.4  +- 23.4 ,78.9  +- 25.2 ,4603 +- 7847,2148 +- 2938
tl_SGD_huber,77378.2  +- 39354.3 ,64.3  +- 18.8 ,77.8  +- 10.3 ,75.2  +- 26.9 ,74.6  +- 12.5 ,89854.0  +- 17441.3 ,93.4  +- 10.7 ,88.6  +- 13.2 ,91.8  +- 11.6 ,89.8  +- 10.9 ,82.0  +- 10.5 ,84.5  +- 14.9 ,91.9  +- 9.3 ,73.5  +- 36.1 ,73.2  +- 13.9 ,74.9  +- 38.3 ,73.3  +- 13.9 ,54.0  +- 20.1 ,62.6  +- 27.5 ,77.2  +- 34.0 ,91.4  +- 17.2 ,63.2  +- 31.7 ,75.1  +- 26.2 ,8121 +- 11440,2716 +- 3228
resc_SGD_huber,58884.8  +- 34322.7 ,74.8  +- 14.8 ,79.0  +- 11.5 ,69.8  +- 27.3 ,85.0  +- 12.0 ,65124.5  +- 20268.3 ,76.9  +- 18.4 ,68.3  +- 19.9 ,85.9  +- 14.1 ,68.2  +- 17.6 ,79.1  +- 15.0 ,63.8  +- 20.3 ,70.9  +- 16.5 ,68.4  +- 33.7 ,53.2  +- 16.7 ,62.6  +- 35.8 ,53.2  +- 16.7 ,79.7  +- 17.2 ,63.1  +- 27.5 ,92.4  +- 21.4 ,98.9  +- 5.5 ,48.2  +- 27.9 ,93.9  +- 14.7 ,8767 +- 10296,2792 +- 3415
resc_tl_SGD_huber,68776.6  +- 35057.5 ,72.6  +- 16.5 ,80.0  +- 10.6 ,74.9  +- 26.0 ,80.7  +- 12.3 ,76675.2  +- 19832.0 ,85.9  +- 15.6 ,78.8  +- 18.1 ,91.4  +- 11.6 ,79.5  +- 15.7 ,81.9  +- 12.6 ,74.3  +- 19.0 ,82.2  +- 14.1 ,74.1  +- 32.7 ,62.5  +- 16.2 ,71.0  +- 35.1 ,62.6  +- 16.2 ,69.6  +- 19.5 ,65.8  +- 27.7 ,89.8  +- 23.5 ,98.7  +- 2.7 ,56.2  +- 28.3 ,88.8  +- 19.9 ,7114 +- 10029,2676 +- 3184
tl_resc_SGD_huber,78472.7  +- 38816.6 ,58.0  +- 19.8 ,75.2  +- 10.2 ,74.9  +- 26.4 ,71.8  +- 12.5 ,93766.1  +- 17213.7 ,93.9  +- 9.8 ,90.5  +- 12.1 ,94.4  +- 9.0 ,91.6  +- 10.0 ,80.5  +- 10.3 ,86.9  +- 13.7 ,93.0  +- 8.5 ,73.6  +- 35.7 ,76.3  +- 13.4 ,75.3  +- 37.8 ,76.4  +- 13.4 ,46.9  +- 20.3 ,61.2  +- 26.5 ,76.4  +- 34.0 ,88.2  +- 20.2 ,64.2  +- 31.2 ,73.2  +- 25.8 ,8124 +- 11336,2760 +- 3081
SGD_huber_max,276.9  +- 5274.9 ,57.6  +- 13.4 ,41.8  +- 13.3 ,25.4  +- 14.4 ,0.2  +- 4.4 ,281.3  +- 5358.9 ,0.3  +- 5.2 ,0.3  +- 5.2 ,0.3  +- 5.3 ,0.3  +- 5.2 ,0.3  +- 4.8 ,0.3  +- 4.8 ,0.3  +- 5.2 ,0.3  +- 5.2 ,0.2  +- 4.5 ,0.3  +- 5.2 ,0.2  +- 4.5 ,99.3  +- 7.8 ,38.5  +- 17.8 ,0.3  +- 5.2 ,0.3  +- 5.2 ,0.2  +- 4.4 ,100.0  +- 0.0 ,5645 +- 5007,4044 +- 3346
tl_SGD_huber_max,390.9  +- 5622.4 ,57.5  +- 13.5 ,41.8  +- 13.2 ,25.5  +- 14.3 ,0.4  +- 5.6 ,417.9  +- 5852.2 ,0.4  +- 5.6 ,0.4  +- 5.4 ,0.6  +- 7.4 ,0.4  +- 5.5 ,0.4  +- 5.5 ,0.4  +- 5.4 ,0.4  +- 5.4 ,0.4  +- 5.8 ,0.4  +- 5.4 ,0.4  +- 5.3 ,0.4  +- 5.4 ,99.1  +- 8.9 ,38.3  +- 17.6 ,0.5  +- 7.2 ,0.5  +- 7.4 ,0.4  +- 5.2 ,99.7  +- 5.1 ,5654 +- 5000,4091 +- 3387
resc_tl_SGD_huber_max,379.9  +- 5494.9 ,57.5  +- 13.5 ,41.8  +- 13.2 ,25.5  +- 14.3 ,0.4  +- 5.6 ,406.9  +- 5718.5 ,0.4  +- 5.4 ,0.4  +- 5.2 ,0.6  +- 7.4 ,0.4  +- 5.3 ,0.4  +- 5.4 ,0.4  +- 5.3 ,0.4  +- 5.3 ,0.4  +- 5.7 ,0.4  +- 5.3 ,0.4  +- 5.2 ,0.4  +- 5.3 ,99.1  +- 8.9 ,38.3  +- 17.6 ,0.5  +- 7.2 ,0.6  +- 7.4 ,0.4  +- 5.1 ,99.7  +- 5.1 ,5655 +- 4999,4093 +- 3393
LSTM_20_raw,87428.9  +- 26099.3 ,72.5  +- 16.4 ,81.3  +- 9.7 ,85.1  +- 18.3 ,79.0  +- 12.4 ,83467.5  +- 16052.5 ,92.0  +- 9.6 ,84.1  +- 12.9 ,86.1  +- 11.4 ,84.9  +- 10.3 ,84.3  +- 9.9 ,79.5  +- 14.4 ,87.8  +- 8.4 ,86.9  +- 22.2 ,68.0  +- 12.8 ,87.6  +- 24.0 ,68.0  +- 12.8 ,65.0  +- 18.6 ,71.0  +- 26.2 ,89.3  +- 19.9 ,97.1  +- 3.7 ,71.1  +- 20.5 ,80.2  +- 23.4 ,3732 +- 6848,2085 +- 2685
tl_LSTM_20_raw,79442.7  +- 37095.3 ,65.3  +- 18.5 ,78.5  +- 9.9 ,77.6  +- 25.2 ,74.9  +- 12.5 ,90295.3  +- 16221.1 ,94.3  +- 8.2 ,89.3  +- 11.6 ,92.7  +- 10.2 ,90.5  +- 9.1 ,82.8  +- 9.7 ,85.1  +- 13.6 ,92.6  +- 7.0 ,76.4  +- 34.1 ,73.5  +- 12.7 ,77.5  +- 36.0 ,73.6  +- 12.8 ,54.5  +- 19.8 ,64.7  +- 27.0 ,80.0  +- 32.2 ,92.2  +- 16.2 ,64.7  +- 29.8 ,77.1  +- 25.0 ,7136 +- 10752,2601 +- 3061
resc_LSTM_20_raw,62496.7  +- 32551.7 ,75.2  +- 14.4 ,79.5  +- 10.5 ,72.3  +- 25.5 ,85.2  +- 12.1 ,65693.7  +- 19177.9 ,77.5  +- 16.6 ,68.9  +- 18.7 ,85.0  +- 13.2 ,68.7  +- 16.2 ,79.9  +- 13.4 ,64.4  +- 19.0 ,71.5  +- 14.8 ,72.0  +- 31.0 ,53.6  +- 15.6 ,66.3  +- 33.7 ,53.6  +- 15.6 ,79.9  +- 16.6 ,64.3  +- 26.8 ,93.5  +- 18.8 ,98.9  +- 2.5 ,51.2  +- 26.6 ,93.7  +- 14.5 ,7701 +- 9414,2840 +- 3481
resc_tl_LSTM_20_raw,71094.2  +- 33213.6 ,73.3  +- 16.2 ,80.7  +- 9.8 ,77.0  +- 24.5 ,81.0  +- 12.1 ,77047.1  +- 18645.1 ,86.7  +- 13.5 ,79.3  +- 16.5 ,91.0  +- 10.8 ,79.9  +- 14.2 ,82.8  +- 11.2 ,74.7  +- 17.7 ,82.5  +- 12.4 ,77.0  +- 30.4 ,62.8  +- 15.1 ,73.9  +- 33.0 ,62.8  +- 15.1 ,70.0  +- 19.0 ,67.2  +- 26.7 ,91.4  +- 20.8 ,98.6  +- 2.6 ,58.1  +- 26.8 ,89.2  +- 18.9 ,6391 +- 9486,2560 +- 2765
tl_resc_LSTM_20_raw,78909.6  +- 37733.6 ,59.0  +- 19.8 ,75.9  +- 10.1 ,76.3  +- 25.9 ,72.1  +- 12.6 ,94243.5  +- 16088.1 ,94.8  +- 7.6 ,91.3  +- 10.7 ,95.0  +- 8.6 ,92.4  +- 8.1 ,81.2  +- 9.9 ,87.7  +- 12.5 ,93.8  +- 6.2 ,75.0  +- 35.2 ,76.7  +- 12.4 ,76.3  +- 37.0 ,76.8  +- 12.4 ,47.4  +- 20.1 ,63.1  +- 26.1 ,77.6  +- 33.9 ,88.6  +- 20.3 ,64.4  +- 30.3 ,75.4  +- 24.5 ,7637 +- 11052,2670 +- 2930
LSTM_20_raw_max,277.1  +- 5280.1 ,57.6  +- 13.4 ,41.8  +- 13.3 ,25.4  +- 14.4 ,0.2  +- 4.4 ,280.4  +- 5343.1 ,0.3  +- 5.2 ,0.3  +- 5.2 ,0.3  +- 5.3 ,0.3  +- 5.2 ,0.3  +- 4.8 ,0.3  +- 4.8 ,0.3  +- 5.2 ,0.3  +- 5.2 ,0.2  +- 4.5 ,0.3  +- 5.2 ,0.2  +- 4.5 ,99.3  +- 7.8 ,38.5  +- 17.8 ,0.3  +- 5.2 ,0.3  +- 5.2 ,0.2  +- 4.4 ,100.0  +- 0.1 ,5645 +- 5007,4044 +- 3346
tl_LSTM_20_raw_max,390.1  +- 5613.4 ,57.5  +- 13.5 ,41.8  +- 13.2 ,25.5  +- 14.3 ,0.4  +- 5.6 ,417.1  +- 5842.6 ,0.4  +- 5.6 ,0.4  +- 5.3 ,0.6  +- 7.4 ,0.4  +- 5.4 ,0.4  +- 5.5 ,0.4  +- 5.4 ,0.4  +- 5.4 ,0.4  +- 5.8 ,0.4  +- 5.4 ,0.4  +- 5.3 ,0.4  +- 5.4 ,99.1  +- 8.9 ,38.3  +- 17.6 ,0.5  +- 7.2 ,0.5  +- 7.4 ,0.4  +- 5.2 ,99.7  +- 5.1 ,5654 +- 5000,4091 +- 3387
resc_tl_LSTM_20_raw_max,379.1  +- 5485.9 ,57.5  +- 13.5 ,41.8  +- 13.2 ,25.5  +- 14.3 ,0.4  +- 5.6 ,406.1  +- 5708.9 ,0.4  +- 5.4 ,0.4  +- 5.2 ,0.6  +- 7.4 ,0.4  +- 5.3 ,0.4  +- 5.4 ,0.4  +- 5.3 ,0.4  +- 5.3 ,0.4  +- 5.7 ,0.4  +- 5.3 ,0.4  +- 5.2 ,0.4  +- 5.3 ,99.1  +- 8.9 ,38.3  +- 17.6 ,0.5  +- 7.2 ,0.6  +- 7.4 ,0.4  +- 5.1 ,99.7  +- 5.1 ,5655 +- 4999,4093 +- 3394
LSTM_50_raw,78520.7  +- 30807.6 ,75.3  +- 16.0 ,82.7  +- 9.7 ,81.4  +- 22.4 ,81.5  +- 12.2 ,79682.6  +- 16824.8 ,90.5  +- 10.6 ,81.9  +- 14.3 ,87.4  +- 11.9 ,82.3  +- 11.6 ,85.0  +- 9.9 ,76.8  +- 15.7 ,85.3  +- 9.8 ,82.0  +- 28.0 ,64.9  +- 13.6 ,80.5  +- 30.1 ,65.0  +- 13.6 ,70.1  +- 18.8 ,70.3  +- 26.9 ,90.7  +- 21.1 ,98.0  +- 3.6 ,64.1  +- 24.7 ,86.7  +- 21.1 ,5264 +- 8627,2039 +- 2612
tl_LSTM_50_raw,71168.3  +- 37806.7 ,70.7  +- 16.8 ,80.6  +- 9.4 ,74.4  +- 27.4 ,78.2  +- 12.0 ,84473.6  +- 16893.9 ,92.0  +- 9.9 ,85.4  +- 13.7 ,93.6  +- 9.2 ,86.6  +- 10.9 ,83.8  +- 9.8 ,80.9  +- 15.3 ,89.0  +- 8.8 ,72.7  +- 35.9 ,68.8  +- 13.5 ,71.7  +- 37.7 ,68.9  +- 13.5 ,62.7  +- 19.1 ,65.0  +- 27.4 ,81.7  +- 32.5 ,94.1  +- 16.2 ,58.1  +- 30.6 ,84.5  +- 21.3 ,8307 +- 11449,2551 +- 2942
resc_LSTM_50_raw,60035.5  +- 32715.8 ,75.4  +- 14.2 ,79.9  +- 10.2 ,71.2  +- 26.2 ,85.6  +- 12.0 ,65932.0  +- 19005.2 ,78.0  +- 15.8 ,69.5  +- 18.3 ,88.3  +- 12.1 ,69.1  +- 15.8 ,80.4  +- 12.6 ,64.8  +- 18.8 ,71.8  +- 14.4 ,70.5  +- 32.0 ,53.8  +- 15.5 ,64.1  +- 34.1 ,53.8  +- 15.5 ,80.1  +- 16.9 ,64.0  +- 26.8 ,94.4  +- 18.6 ,99.3  +- 2.0 ,49.0  +- 26.5 ,95.3  +- 11.9 ,8084 +- 9537,2849 +- 3386
resc_tl_LSTM_50_raw,64273.8  +- 33140.2 ,74.7  +- 15.3 ,80.8  +- 9.9 ,73.4  +- 25.0 ,83.0  +- 11.9 ,72747.7  +- 18796.6 ,83.8  +- 14.3 ,75.9  +- 17.3 ,91.1  +- 11.7 ,76.0  +- 14.9 ,82.3  +- 11.5 ,71.1  +- 18.2 ,78.5  +- 13.4 ,72.8  +- 31.5 ,59.3  +- 15.3 ,67.6  +- 33.7 ,59.4  +- 15.3 ,74.4  +- 18.2 ,64.8  +- 26.3 ,92.2  +- 22.0 ,99.0  +- 2.3 ,52.5  +- 26.8 ,93.3  +- 15.2 ,7349 +- 9596,2883 +- 2809
tl_resc_LSTM_50_raw,73276.9  +- 37291.6 ,65.0  +- 17.5 ,77.7  +- 9.4 ,74.8  +- 26.6 ,74.9  +- 12.1 ,87589.5  +- 16713.2 ,91.6  +- 9.7 ,86.8  +- 12.9 ,94.7  +- 8.0 ,88.0  +- 10.0 ,81.7  +- 10.0 ,82.9  +- 14.5 ,89.7  +- 8.2 ,73.4  +- 35.3 ,71.3  +- 13.2 ,72.7  +- 37.0 ,71.4  +- 13.2 ,55.8  +- 19.0 ,64.2  +- 26.1 ,80.7  +- 32.8 ,91.2  +- 17.6 ,59.7  +- 29.9 ,82.3  +- 21.2 ,8009 +- 11037,2658 +- 2821
LSTM_50_raw_max,277.4  +- 5285.4 ,57.6  +- 13.4 ,41.8  +- 13.3 ,25.4  +- 14.4 ,0.2  +- 4.4 ,281.0  +- 5353.6 ,0.3  +- 5.2 ,0.3  +- 5.2 ,0.3  +- 5.3 ,0.3  +- 5.2 ,0.3  +- 4.8 ,0.3  +- 4.8 ,0.3  +- 5.2 ,0.3  +- 5.2 ,0.2  +- 4.5 ,0.3  +- 5.2 ,0.2  +- 4.5 ,99.3  +- 7.8 ,38.5  +- 17.8 ,0.3  +- 5.2 ,0.3  +- 5.2 ,0.2  +- 4.4 ,100.0  +- 0.1 ,5645 +- 5007,4045 +- 3346
tl_LSTM_50_raw_max,384.3  +- 5536.7 ,57.5  +- 13.5 ,41.8  +- 13.2 ,25.5  +- 14.3 ,0.4  +- 5.6 ,411.3  +- 5764.7 ,0.4  +- 5.5 ,0.4  +- 5.3 ,0.6  +- 7.4 ,0.4  +- 5.4 ,0.4  +- 5.4 ,0.4  +- 5.3 ,0.4  +- 5.4 ,0.4  +- 5.8 ,0.4  +- 5.3 ,0.4  +- 5.2 ,0.4  +- 5.3 ,99.1  +- 8.9 ,38.3  +- 17.6 ,0.5  +- 7.2 ,0.6  +- 7.4 ,0.4  +- 5.1 ,99.7  +- 5.1 ,5655 +- 4999,4092 +- 3390
resc_tl_LSTM_50_raw_max,373.3  +- 5409.5 ,57.5  +- 13.5 ,41.8  +- 13.2 ,25.5  +- 14.2 ,0.4  +- 5.6 ,400.3  +- 5631.2 ,0.4  +- 5.3 ,0.4  +- 5.1 ,0.6  +- 7.4 ,0.4  +- 5.2 ,0.4  +- 5.4 ,0.4  +- 5.2 ,0.4  +- 5.2 ,0.4  +- 5.7 ,0.4  +- 5.2 ,0.4  +- 5.1 ,0.4  +- 5.2 ,99.1  +- 8.9 ,38.3  +- 17.6 ,0.5  +- 7.2 ,0.6  +- 7.4 ,0.3  +- 5.0 ,99.7  +- 5.1 ,5656 +- 4999,4094 +- 3397
LSTM_100_raw,76936.4  +- 28597.7 ,75.6  +- 16.2 ,83.1  +- 9.7 ,81.8  +- 21.3 ,81.6  +- 12.3 ,80511.3  +- 17029.3 ,91.4  +- 10.4 ,83.4  +- 14.5 ,90.9  +- 9.5 ,83.5  +- 12.0 ,85.5  +- 9.9 ,78.0  +- 16.0 ,86.4  +- 10.1 ,82.9  +- 25.7 ,65.6  +- 13.8 ,80.1  +- 28.2 ,65.7  +- 13.8 ,69.9  +- 19.4 ,71.0  +- 26.8 ,93.2  +- 17.7 ,98.5  +- 2.8 ,62.7  +- 22.8 ,90.1  +- 18.4 ,4830 +- 7926,2154 +- 2770
tl_LSTM_100_raw,69842.7  +- 36772.6 ,72.0  +- 17.1 ,81.6  +- 9.7 ,75.1  +- 26.7 ,78.9  +- 12.2 ,84663.1  +- 17153.3 ,92.9  +- 9.8 ,86.6  +- 13.9 ,96.6  +- 6.8 ,87.3  +- 11.6 ,84.6  +- 9.9 ,81.8  +- 15.6 ,89.8  +- 9.5 ,73.2  +- 35.5 ,69.0  +- 13.8 ,71.3  +- 37.0 ,69.0  +- 13.8 ,63.8  +- 19.7 ,66.2  +- 27.0 ,83.3  +- 32.2 ,94.4  +- 16.6 ,57.1  +- 29.7 ,87.7  +- 19.0 ,8011 +- 11180,2540 +- 3039
resc_LSTM_100_raw,60098.6  +- 32464.3 ,76.0  +- 14.4 ,81.2  +- 9.7 ,71.2  +- 26.1 ,84.8  +- 12.1 ,69973.6  +- 18553.7 ,82.1  +- 14.5 ,73.9  +- 17.6 ,92.3  +- 9.9 ,73.4  +- 15.2 ,82.3  +- 11.8 ,68.8  +- 18.3 ,76.0  +- 13.6 ,70.4  +- 32.2 ,57.1  +- 15.2 ,64.2  +- 34.3 ,57.1  +- 15.2 ,77.8  +- 17.7 ,63.8  +- 26.6 ,93.2  +- 21.2 ,99.1  +- 2.8 ,49.3  +- 26.5 ,95.0  +- 12.2 ,8299 +- 9816,2795 +- 3373
resc_tl_LSTM_100_raw,63512.9  +- 33106.7 ,74.6  +- 15.7 ,81.6  +- 9.7 ,72.9  +- 26.0 ,82.2  +- 12.2 ,76167.5  +- 18547.9 ,86.8  +- 13.2 ,79.7  +- 16.9 ,95.8  +- 7.9 ,79.5  +- 14.6 ,83.4  +- 11.0 ,74.5  +- 17.9 ,82.0  +- 12.9 ,72.2  +- 32.4 ,62.1  +- 15.1 ,67.0  +- 34.4 ,62.1  +- 15.1 ,72.0  +- 19.1 ,65.0  +- 26.9 ,92.2  +- 22.2 ,98.8  +- 3.1 ,51.9  +- 26.8 ,93.7  +- 13.9 ,7618 +- 9838,2811 +- 3042
tl_resc_LSTM_100_raw,70042.4  +- 37164.6 ,67.4  +- 17.6 ,79.1  +- 9.6 ,74.0  +- 27.0 ,76.3  +- 12.2 ,86896.4  +- 16945.7 ,92.3  +- 9.6 ,87.3  +- 13.3 ,97.1  +- 5.8 ,88.2  +- 10.9 ,82.8  +- 9.9 ,83.1  +- 14.9 ,90.1  +- 8.9 ,72.1  +- 35.9 ,70.8  +- 13.5 ,70.6  +- 37.4 ,70.8  +- 13.5 ,58.4  +- 19.4 ,64.5  +- 26.2 ,81.3  +- 33.3 ,92.0  +- 17.3 ,57.3  +- 30.0 ,85.3  +- 19.3 ,8320 +- 11213,2678 +- 2930
LSTM_100_raw_max,277.1  +- 5280.1 ,57.6  +- 13.4 ,41.8  +- 13.3 ,25.4  +- 14.4 ,0.2  +- 4.4 ,279.9  +- 5332.6 ,0.3  +- 5.2 ,0.3  +- 5.2 ,0.3  +- 5.3 ,0.3  +- 5.2 ,0.3  +- 4.8 ,0.3  +- 4.8 ,0.3  +- 5.2 ,0.3  +- 5.2 ,0.2  +- 4.4 ,0.3  +- 5.2 ,0.2  +- 4.5 ,99.3  +- 7.8 ,38.5  +- 17.8 ,0.3  +- 5.2 ,0.3  +- 5.2 ,0.2  +- 4.4 ,100.0  +- 0.1 ,5645 +- 5007,4044 +- 3346
tl_LSTM_100_raw_max,345.2  +- 5831.4 ,57.5  +- 13.4 ,41.9  +- 13.3 ,25.5  +- 14.3 ,0.4  +- 5.7 ,397.8  +- 6399.2 ,0.3  +- 5.4 ,0.4  +- 5.5 ,0.6  +- 7.4 ,0.4  +- 5.5 ,0.4  +- 5.4 ,0.4  +- 5.5 ,0.4  +- 5.5 ,0.3  +- 5.3 ,0.3  +- 5.4 ,0.3  +- 5.0 ,0.3  +- 5.4 ,99.1  +- 8.9 ,38.4  +- 17.5 ,0.6  +- 7.4 ,0.6  +- 7.4 ,0.3  +- 4.9 ,100.0  +- 0.0 ,5663 +- 4992,4085 +- 3421
resc_tl_LSTM_100_raw_max,338.6  +- 5815.8 ,57.6  +- 13.3 ,41.9  +- 13.3 ,25.5  +- 14.3 ,0.4  +- 5.8 ,386.8  +- 6292.4 ,0.3  +- 5.4 ,0.3  +- 5.4 ,0.6  +- 7.4 ,0.3  +- 5.4 ,0.4  +- 5.4 ,0.3  +- 5.4 ,0.3  +- 5.4 ,0.3  +- 5.2 ,0.3  +- 5.3 ,0.3  +- 5.0 ,0.3  +- 5.3 ,99.2  +- 8.5 ,38.4  +- 17.5 ,0.6  +- 7.4 ,0.6  +- 7.4 ,0.3  +- 4.9 ,100.0  +- 0.0 ,5663 +- 4992,4087 +- 3430
CNN_20_raw,84228.1  +- 29388.3 ,73.0  +- 16.3 ,81.4  +- 9.8 ,83.3  +- 20.2 ,79.6  +- 12.5 ,81901.4  +- 16632.0 ,90.9  +- 10.7 ,82.7  +- 13.8 ,85.7  +- 11.6 ,83.6  +- 11.0 ,84.1  +- 10.2 ,78.0  +- 15.2 ,86.6  +- 9.2 ,84.3  +- 25.6 ,66.7  +- 13.3 ,84.6  +- 27.6 ,66.8  +- 13.3 ,66.5  +- 18.7 ,70.0  +- 26.6 ,89.3  +- 20.5 ,97.4  +- 3.6 ,68.7  +- 23.4 ,81.2  +- 23.6 ,4451 +- 7810,2117 +- 2655
tl_CNN_20_raw,74325.6  +- 40086.8 ,66.5  +- 18.1 ,78.8  +- 9.8 ,74.6  +- 27.7 ,75.6  +- 12.4 ,88468.0  +- 16586.9 ,93.2  +- 9.3 ,87.7  +- 12.6 ,91.9  +- 11.8 ,89.0  +- 9.8 ,82.7  +- 9.9 ,83.5  +- 14.2 ,91.3  +- 7.7 ,71.9  +- 37.6 ,72.0  +- 13.1 ,72.6  +- 39.5 ,72.1  +- 13.1 ,56.6  +- 19.6 ,63.4  +- 27.6 ,77.1  +- 35.2 ,91.5  +- 18.9 ,60.7  +- 32.5 ,78.7  +- 24.8 ,8579 +- 11812,2594 +- 3022
resc_CNN_20_raw,55962.3  +- 34736.5 ,74.5  +- 14.3 ,78.4  +- 10.8 ,67.4  +- 27.7 ,85.7  +- 12.2 ,62877.1  +- 19797.1 ,74.5  +- 17.7 ,66.0  +- 19.4 ,85.0  +- 15.0 ,65.8  +- 16.9 ,78.2  +- 14.3 ,61.6  +- 19.6 ,68.5  +- 15.8 ,65.5  +- 34.5 ,51.3  +- 16.1 ,59.3  +- 36.3 ,51.3  +- 16.1 ,81.3  +- 16.4 ,61.3  +- 27.2 ,92.3  +- 21.8 ,98.9  +- 5.6 ,45.7  +- 28.2 ,94.4  +- 13.5 ,9530 +- 10267,2871 +- 3321
resc_tl_CNN_20_raw,68108.0  +- 33849.4 ,74.0  +- 15.8 ,80.5  +- 10.2 ,75.0  +- 25.6 ,82.1  +- 12.1 ,73932.0  +- 19046.8 ,84.2  +- 15.0 ,76.3  +- 17.5 ,89.5  +- 11.3 ,76.9  +- 14.8 ,82.1  +- 12.0 ,71.8  +- 18.4 ,79.7  +- 13.1 ,74.8  +- 31.4 ,60.3  +- 15.4 ,71.0  +- 34.0 ,60.3  +- 15.4 ,72.8  +- 18.6 ,65.8  +- 27.5 ,91.5  +- 21.0 ,98.6  +- 2.4 ,55.7  +- 27.4 ,90.0  +- 18.7 ,6943 +- 9658,2686 +- 3021
tl_resc_CNN_20_raw,76692.3  +- 38747.2 ,60.1  +- 19.3 ,76.1  +- 10.0 ,75.3  +- 26.6 ,72.6  +- 12.5 ,92808.0  +- 16449.5 ,93.9  +- 8.4 ,90.1  +- 11.6 ,94.6  +- 8.9 ,91.3  +- 8.8 ,81.1  +- 9.9 ,86.5  +- 13.1 ,92.8  +- 6.9 ,73.4  +- 36.3 ,75.5  +- 12.8 ,74.3  +- 38.2 ,75.6  +- 12.8 ,49.0  +- 19.9 ,62.9  +- 26.4 ,77.4  +- 34.3 ,89.4  +- 19.2 ,62.6  +- 31.3 ,76.6  +- 24.3 ,8138 +- 11330,2652 +- 2948
CNN_20_raw_max,276.6  +- 5269.6 ,57.6  +- 13.4 ,41.8  +- 13.3 ,25.4  +- 14.4 ,0.2  +- 4.4 ,280.2  +- 5337.9 ,0.3  +- 5.2 ,0.3  +- 5.2 ,0.3  +- 5.3 ,0.3  +- 5.2 ,0.3  +- 4.8 ,0.3  +- 4.8 ,0.3  +- 5.2 ,0.3  +- 5.2 ,0.2  +- 4.5 ,0.3  +- 5.2 ,0.2  +- 4.5 ,99.3  +- 7.8 ,38.5  +- 17.8 ,0.3  +- 5.2 ,0.3  +- 5.2 ,0.2  +- 4.4 ,100.0  +- 0.0 ,5645 +- 5007,4044 +- 3346
tl_CNN_20_raw_max,344.6  +- 5830.0 ,57.5  +- 13.5 ,41.9  +- 13.3 ,25.5  +- 14.3 ,0.4  +- 5.6 ,399.2  +- 6422.8 ,0.3  +- 5.4 ,0.4  +- 5.5 ,0.6  +- 7.4 ,0.4  +- 5.5 ,0.4  +- 5.3 ,0.4  +- 5.4 ,0.4  +- 5.5 ,0.3  +- 5.3 ,0.3  +- 5.4 ,0.3  +- 5.0 ,0.3  +- 5.4 ,99.1  +- 9.1 ,38.4  +- 17.5 ,0.6  +- 7.4 ,0.6  +- 7.4 ,0.3  +- 4.9 ,100.0  +- 0.0 ,5663 +- 4992,4085 +- 3422
resc_tl_CNN_20_raw_max,338.0  +- 5814.7 ,57.6  +- 13.3 ,41.9  +- 13.3 ,25.5  +- 14.3 ,0.4  +- 5.8 ,388.2  +- 6326.6 ,0.3  +- 5.4 ,0.3  +- 5.4 ,0.6  +- 7.4 ,0.3  +- 5.4 ,0.4  +- 5.4 ,0.3  +- 5.4 ,0.3  +- 5.4 ,0.3  +- 5.2 ,0.3  +- 5.3 ,0.3  +- 5.0 ,0.3  +- 5.3 ,99.2  +- 8.6 ,38.4  +- 17.5 ,0.6  +- 7.4 ,0.6  +- 7.4 ,0.3  +- 4.9 ,100.0  +- 0.0 ,5663 +- 4992,4087 +- 3431
CNN_50_raw,77298.6  +- 32375.3 ,74.4  +- 16.6 ,82.5  +- 9.9 ,80.0  +- 23.6 ,80.5  +- 12.4 ,82107.4  +- 17276.3 ,92.0  +- 10.7 ,84.0  +- 14.5 ,89.9  +- 11.1 ,84.7  +- 11.5 ,85.1  +- 10.2 ,78.9  +- 15.9 ,87.8  +- 9.5 ,80.3  +- 29.4 ,66.9  +- 13.9 ,79.0  +- 31.8 ,67.0  +- 14.0 ,67.6  +- 19.5 ,69.4  +- 27.1 ,89.7  +- 22.5 ,98.0  +- 3.3 ,63.1  +- 26.0 ,85.9  +- 20.7 ,5867 +- 9246,2033 +- 2564
tl_CNN_50_raw,71057.6  +- 39264.6 ,69.7  +- 17.4 ,80.4  +- 9.7 ,73.9  +- 28.2 ,77.4  +- 12.3 ,86149.9  +- 17116.9 ,92.9  +- 10.1 ,86.7  +- 13.7 ,93.7  +- 10.3 ,88.0  +- 10.7 ,83.7  +- 10.0 ,82.2  +- 15.2 ,90.6  +- 8.6 ,71.5  +- 37.4 ,70.2  +- 13.7 ,71.1  +- 39.2 ,70.2  +- 13.7 ,60.7  +- 19.4 ,64.7  +- 27.8 ,79.0  +- 34.6 ,92.8  +- 18.7 ,58.0  +- 31.7 ,82.9  +- 22.0 ,8813 +- 12037,2501 +- 2938
resc_CNN_50_raw,62028.7  +- 33581.4 ,75.6  +- 14.4 ,80.6  +- 10.2 ,72.3  +- 26.0 ,84.8  +- 12.1 ,68742.1  +- 19573.1 ,80.6  +- 16.1 ,72.3  +- 18.7 ,90.0  +- 11.5 ,72.0  +- 15.8 ,81.4  +- 12.8 ,67.4  +- 19.2 ,74.8  +- 14.4 ,71.5  +- 32.3 ,56.1  +- 15.9 ,65.9  +- 34.5 ,56.1  +- 15.9 ,78.2  +- 17.6 ,64.7  +- 26.6 ,93.6  +- 19.6 ,99.2  +- 2.1 ,50.7  +- 27.2 ,94.5  +- 13.2 ,7850 +- 9730,2762 +- 3473
resc_tl_CNN_50_raw,67391.5  +- 32783.6 ,74.5  +- 15.6 ,81.0  +- 9.9 ,75.3  +- 24.8 ,82.5  +- 12.0 ,74420.9  +- 19351.7 ,85.1  +- 14.5 ,77.3  +- 17.7 ,91.6  +- 10.7 ,77.7  +- 15.0 ,82.6  +- 11.6 ,72.5  +- 18.6 ,80.5  +- 13.3 ,75.4  +- 30.2 ,60.7  +- 15.7 ,70.9  +- 32.9 ,60.7  +- 15.7 ,72.9  +- 18.9 ,66.3  +- 26.8 ,93.3  +- 18.1 ,98.9  +- 2.4 ,55.0  +- 26.4 ,92.0  +- 16.9 ,6695 +- 9315,2755 +- 3020
tl_resc_CNN_50_raw,73186.0  +- 38591.1 ,64.0  +- 18.2 ,77.5  +- 9.7 ,74.1  +- 27.7 ,74.4  +- 12.3 ,89339.9  +- 16870.2 ,92.6  +- 9.6 ,88.1  +- 12.9 ,95.2  +- 8.0 ,89.5  +- 9.8 ,81.8  +- 10.1 ,84.2  +- 14.3 ,91.2  +- 7.9 ,72.3  +- 36.4 ,72.8  +- 13.3 ,72.2  +- 38.3 ,72.8  +- 13.3 ,53.9  +- 19.5 ,63.9  +- 26.9 ,79.3  +- 33.7 ,91.1  +- 17.3 ,59.5  +- 30.9 ,80.7  +- 21.9 ,8446 +- 11444,2565 +- 2866
CNN_50_raw_max,263.4  +- 5017.7 ,57.7  +- 13.4 ,41.8  +- 13.3 ,25.4  +- 14.3 ,0.3  +- 4.8 ,290.6  +- 5532.1 ,0.3  +- 5.2 ,0.3  +- 5.2 ,0.3  +- 5.3 ,0.2  +- 4.6 ,0.3  +- 5.0 ,0.3  +- 5.1 ,0.3  +- 4.9 ,0.3  +- 5.0 ,0.2  +- 4.6 ,0.2  +- 4.7 ,0.2  +- 4.6 ,99.3  +- 7.7 ,38.5  +- 17.7 ,0.3  +- 5.2 ,0.3  +- 5.2 ,0.2  +- 4.2 ,100.0  +- 0.0 ,5658 +- 4996,4042 +- 3346
tl_CNN_50_raw_max,342.7  +- 5825.2 ,57.5  +- 13.4 ,41.9  +- 13.3 ,25.5  +- 14.3 ,0.4  +- 5.7 ,395.3  +- 6389.8 ,0.3  +- 5.4 ,0.4  +- 5.4 ,0.6  +- 7.4 ,0.4  +- 5.5 ,0.4  +- 5.4 ,0.4  +- 5.4 ,0.4  +- 5.4 ,0.3  +- 5.3 ,0.3  +- 5.4 ,0.3  +- 5.0 ,0.3  +- 5.4 ,99.1  +- 8.9 ,38.4  +- 17.5 ,0.6  +- 7.4 ,0.6  +- 7.4 ,0.3  +- 4.9 ,100.0  +- 0.0 ,5663 +- 4992,4086 +- 3425
resc_tl_CNN_50_raw_max,336.1  +- 5810.7 ,57.6  +- 13.3 ,41.9  +- 13.3 ,25.5  +- 14.3 ,0.4  +- 5.9 ,384.3  +- 6283.8 ,0.3  +- 5.4 ,0.3  +- 5.4 ,0.6  +- 7.4 ,0.3  +- 5.4 ,0.4  +- 5.4 ,0.3  +- 5.4 ,0.3  +- 5.4 ,0.3  +- 5.2 ,0.3  +- 5.3 ,0.3  +- 4.9 ,0.3  +- 5.3 ,99.2  +- 8.5 ,38.4  +- 17.5 ,0.6  +- 7.4 ,0.6  +- 7.4 ,0.3  +- 4.9 ,100.0  +- 0.0 ,5663 +- 4992,4088 +- 3433
CNN_100_raw,73875.8  +- 33154.4 ,75.0  +- 16.9 ,82.9  +- 9.9 ,78.4  +- 24.2 ,81.3  +- 12.5 ,81268.0  +- 18071.0 ,91.7  +- 11.4 ,83.5  +- 15.4 ,92.3  +- 8.2 ,84.1  +- 12.4 ,85.3  +- 10.4 ,78.3  +- 16.6 ,87.2  +- 10.4 ,78.4  +- 30.4 ,66.2  +- 14.6 ,76.2  +- 32.8 ,66.3  +- 14.6 ,68.8  +- 20.2 ,68.1  +- 27.7 ,90.2  +- 22.7 ,98.5  +- 2.7 ,60.4  +- 26.6 ,87.8  +- 20.4 ,6414 +- 9688,2172 +- 2846
tl_CNN_100_raw,67678.2  +- 40053.1 ,70.4  +- 17.7 ,80.7  +- 9.9 ,71.4  +- 29.6 ,78.1  +- 12.4 ,85346.8  +- 18201.2 ,92.6  +- 11.1 ,86.3  +- 14.9 ,96.1  +- 7.7 ,87.5  +- 11.8 ,83.9  +- 10.4 ,81.6  +- 16.2 ,90.1  +- 9.7 ,68.9  +- 38.1 ,69.5  +- 14.6 ,67.9  +- 40.0 ,69.6  +- 14.6 ,61.9  +- 20.4 ,63.1  +- 28.3 ,79.5  +- 34.6 ,93.7  +- 17.2 ,55.0  +- 32.1 ,84.2  +- 21.4 ,9404 +- 12031,2548 +- 2962
resc_CNN_100_raw,59241.3  +- 34151.2 ,75.9  +- 14.5 ,80.9  +- 10.0 ,70.0  +- 27.3 ,85.1  +- 12.1 ,69108.5  +- 19836.8 ,81.1  +- 16.0 ,72.7  +- 18.7 ,91.9  +- 10.1 ,72.3  +- 16.1 ,81.7  +- 12.8 ,67.7  +- 19.2 ,75.1  +- 14.5 ,68.8  +- 33.8 ,56.4  +- 16.1 ,63.1  +- 35.6 ,56.4  +- 16.1 ,78.3  +- 17.9 ,63.0  +- 27.2 ,92.9  +- 21.3 ,99.3  +- 2.0 ,48.4  +- 27.5 ,94.4  +- 13.4 ,8693 +- 10168,2809 +- 3511
resc_tl_CNN_100_raw,63532.8  +- 34658.2 ,74.2  +- 15.9 ,81.1  +- 9.9 ,72.4  +- 26.5 ,82.2  +- 12.3 ,75360.1  +- 19771.2 ,85.8  +- 14.7 ,78.3  +- 18.0 ,94.2  +- 9.4 ,78.5  +- 15.4 ,82.8  +- 11.9 ,73.4  +- 18.7 ,81.3  +- 13.6 ,71.4  +- 33.2 ,61.4  +- 16.0 ,66.7  +- 35.3 ,61.5  +- 16.0 ,72.1  +- 19.5 ,64.2  +- 27.3 ,90.4  +- 24.6 ,98.9  +- 2.5 ,51.9  +- 28.0 ,92.0  +- 16.8 ,7907 +- 10226,2869 +- 3207
tl_resc_CNN_100_raw,69176.3  +- 39813.8 ,65.2  +- 18.6 ,78.2  +- 9.8 ,71.4  +- 29.0 ,75.2  +- 12.4 ,88131.7  +- 17997.6 ,92.3  +- 10.8 ,87.4  +- 14.2 ,97.1  +- 6.1 ,88.9  +- 11.0 ,82.1  +- 10.4 ,83.4  +- 15.5 ,90.8  +- 9.0 ,69.2  +- 37.6 ,71.8  +- 14.3 ,68.4  +- 39.6 ,71.8  +- 14.3 ,55.8  +- 20.4 ,62.1  +- 27.2 ,78.9  +- 34.5 ,91.7  +- 17.6 ,56.2  +- 31.9 ,81.9  +- 21.4 ,9246 +- 11732,2683 +- 2944
CNN_100_raw_max,291.5  +- 5553.1 ,57.6  +- 13.4 ,41.7  +- 13.2 ,25.4  +- 14.2 ,0.2  +- 3.6 ,309.6  +- 5899.5 ,0.2  +- 4.3 ,0.2  +- 4.2 ,0.3  +- 5.3 ,0.2  +- 4.4 ,0.2  +- 3.9 ,0.3  +- 5.1 ,0.3  +- 5.0 ,0.2  +- 4.5 ,0.2  +- 3.5 ,0.2  +- 4.0 ,0.2  +- 3.5 ,99.3  +- 7.8 ,38.4  +- 17.6 ,0.3  +- 5.2 ,0.3  +- 5.2 ,0.2  +- 3.3 ,100.0  +- 0.0 ,5655 +- 4998,4052 +- 3340
tl_CNN_100_raw_max,441.9  +- 6501.1 ,57.5  +- 13.5 ,41.8  +- 13.3 ,25.5  +- 14.5 ,0.4  +- 5.1 ,468.9  +- 6983.1 ,0.5  +- 6.3 ,0.4  +- 6.0 ,0.6  +- 7.4 ,0.4  +- 5.8 ,0.4  +- 5.5 ,0.4  +- 5.8 ,0.4  +- 5.8 ,0.5  +- 6.2 ,0.4  +- 5.1 ,0.4  +- 5.8 ,0.4  +- 5.1 ,99.2  +- 8.3 ,38.5  +- 17.8 ,0.5  +- 7.0 ,0.6  +- 7.4 ,0.3  +- 4.7 ,99.9  +- 1.0 ,5654 +- 5007,4037 +- 3339
resc_tl_CNN_100_raw_max,430.9  +- 6353.6 ,57.6  +- 13.5 ,41.8  +- 13.3 ,25.5  +- 14.5 ,0.4  +- 5.2 ,457.9  +- 6836.5 ,0.5  +- 6.3 ,0.4  +- 5.9 ,0.6  +- 7.4 ,0.4  +- 5.7 ,0.4  +- 5.6 ,0.4  +- 5.6 ,0.4  +- 5.7 ,0.5  +- 6.2 ,0.3  +- 4.9 ,0.4  +- 5.7 ,0.3  +- 4.9 ,99.2  +- 8.2 ,38.5  +- 17.8 ,0.5  +- 7.1 ,0.6  +- 7.4 ,0.3  +- 4.6 ,99.9  +- 0.7 ,5656 +- 5008,4035 +- 3341
gt,73679.3  +- 26352.0 ,99.4  +- 7.4 ,100.0  +- 0.0 ,85.2  +- 21.3 ,100.0  +- 0.0 ,71507.4  +- 15507.2 ,100.0  +- 0.0 ,78.5  +- 13.1 ,85.5  +- 9.7 ,73.8  +- 14.5 ,100.0  +- 0.0 ,70.9  +- 15.6 ,76.2  +- 13.3 ,86.4  +- 23.2 ,58.4  +- 13.1 ,81.4  +- 26.5 ,58.4  +- 13.1 ,99.4  +- 7.4 ,77.2  +- 27.4 ,99.9  +- 0.1 ,97.9  +- 4.2 ,60.1  +- 21.2 ,99.9  +- 0.2 ,4216 +- 7768,1258 +- 2327
always1,113864.7  +- 15038.4 ,0.0  +- 0.0 ,58.4  +- 13.1 ,78.4  +- 12.0 ,58.4  +- 13.1 ,123664.7  +- 15038.4 ,100.0  +- 0.0 ,100.1  +- 0.0 ,100.1  +- 0.0 ,100.1  +- 0.1 ,72.8  +- 11.0 ,100.1  +- 0.0 ,100.0  +- 0.0 ,86.4  +- 9.0 ,100.0  +- 0.0 ,97.4  +- 4.1 ,100.1  +- 0.0 ,0.0  +- 0.0 ,35.9  +- 22.6 ,79.0  +- 13.8 ,88.2  +- 9.0 ,92.0  +- 1.0 ,28.6  +- 23.5 ,4189 +- 3814,4052 +- 3340
always0,0.0  +- 0.0 ,57.6  +- 13.4 ,41.6  +- 13.1 ,25.2  +- 13.9 ,0.0  +- 0.0 ,0.0  +- 0.0 ,0.0  +- 0.0 ,0.0  +- 0.0 ,0.0  +- 0.0 ,0.0  +- 0.0 ,0.0  +- 0.0 ,0.0  +- 0.0 ,0.0  +- 0.0 ,0.0  +- 0.0 ,0.0  +- 0.0 ,0.0  +- 0.0 ,0.0  +- 0.0 ,99.4  +- 7.4 ,38.3  +- 17.6 ,0.0  +- 0.0 ,0.0  +- 0.0 ,0.0  +- 0.0 ,100.0  +- 0.0 ,5650 +- 5003,4052 +- 3340
binterval,82193.7  +- 28767.7 ,67.0  +- 20.7 ,79.8  +- 11.6 ,82.3  +- 21.5 ,75.8  +- 14.4 ,89644.1  +- 20232.8 ,94.8  +- 14.1 ,90.6  +- 16.9 ,97.8  +- 8.5 ,95.4  +- 9.7 ,83.3  +- 13.4 ,87.0  +- 19.5 ,100.0  +- 0.0 ,83.9  +- 25.0 ,73.0  +- 16.2 ,83.6  +- 27.7 ,73.1  +- 16.2 ,56.5  +- 22.6 ,69.9  +- 27.3 ,90.3  +- 18.2 ,97.2  +- 8.0 ,67.0  +- 22.9 ,81.6  +- 22.1 ,4399 +- 7692,2346 +- 3578
wake,31097.2  +- 30771.1 ,34.0  +- 13.2 ,23.8  +- 9.9 ,32.1  +- 21.5 ,15.2  +- 15.7 ,30580.2  +- 14263.5 ,5.7  +- 5.6 ,11.4  +- 7.6 ,51.7  +- 31.0 ,11.2  +- 6.3 ,7.6  +- 6.9 ,15.2  +- 9.8 ,9.2  +- 5.0 ,25.7  +- 28.3 ,24.3  +- 9.8 ,21.7  +- 28.4 ,24.3  +- 9.8 ,49.4  +- 17.4 ,31.3  +- 19.0 ,48.3  +- 39.8 ,59.5  +- 31.8 ,24.9  +- 24.1 ,67.1  +- 29.3 ,16101 +- 9994,8021 +- 9187
sleep,99442.1  +- 17824.7 ,61.6  +- 16.5 ,76.2  +- 9.9 ,85.5  +- 12.6 ,72.6  +- 13.0 ,93084.6  +- 13570.1 ,94.3  +- 5.6 ,88.7  +- 7.6 ,86.5  +- 7.9 ,88.9  +- 6.3 ,81.3  +- 9.7 ,84.9  +- 9.8 ,90.8  +- 5.0 ,89.9  +- 11.4 ,75.7  +- 9.8 ,94.7  +- 11.1 ,75.8  +- 9.8 ,50.1  +- 17.4 ,64.2  +- 26.2 ,87.2  +- 14.4 ,94.5  +- 6.5 ,80.7  +- 11.8 ,65.4  +- 28.4 ,3098 +- 3880,2390 +- 2936
